file,line,type,commit,author,date,time,timezone,datetime,depth,length
style.css,1,css,bd0b05b5,TyAlbao,2025-04-02,21:03:00,-07:00,2025-04-02T21:03:00-07:00,0,5
style.css,2,css,bd0b05b5,TyAlbao,2025-04-02,21:03:00,-07:00,2025-04-02T21:03:00-07:00,0,44
style.css,3,css,bd0b05b5,TyAlbao,2025-04-02,21:03:00,-07:00,2025-04-02T21:03:00-07:00,0,43
style.css,4,css,bd0b05b5,TyAlbao,2025-04-02,21:03:00,-07:00,2025-04-02T21:03:00-07:00,0,1
style.css,5,css,bd0b05b5,TyAlbao,2025-04-02,21:03:00,-07:00,2025-04-02T21:03:00-07:00,0,24
style.css,6,css,5bf8b9ac,TyAlbao,2025-04-11,22:18:27,-07:00,2025-04-11T22:18:27-07:00,0,16
style.css,7,css,5bf8b9ac,TyAlbao,2025-04-11,22:18:27,-07:00,2025-04-11T22:18:27-07:00,0,14
style.css,8,css,5bf8b9ac,TyAlbao,2025-04-11,22:18:27,-07:00,2025-04-11T22:18:27-07:00,0,11
style.css,9,css,5bf8b9ac,TyAlbao,2025-04-11,22:18:27,-07:00,2025-04-11T22:18:27-07:00,0,19
style.css,10,css,5bf8b9ac,TyAlbao,2025-04-11,22:18:27,-07:00,2025-04-11T22:18:27-07:00,0,12
style.css,11,css,5bf8b9ac,TyAlbao,2025-04-11,22:18:27,-07:00,2025-04-11T22:18:27-07:00,0,0
style.css,12,css,5bf8b9ac,TyAlbao,2025-04-11,22:18:27,-07:00,2025-04-11T22:18:27-07:00,0,0
style.css,13,css,ac0dc1be,TyAlbao,2025-05-02,19:45:02,-07:00,2025-05-02T19:45:02-07:00,0,10
style.css,14,css,5bf8b9ac,TyAlbao,2025-04-11,22:18:27,-07:00,2025-04-11T22:18:27-07:00,0,17
style.css,15,css,ac0dc1be,TyAlbao,2025-05-02,19:45:02,-07:00,2025-05-02T19:45:02-07:00,0,3
style.css,16,css,5bf8b9ac,TyAlbao,2025-04-11,22:18:27,-07:00,2025-04-11T22:18:27-07:00,0,0
style.css,17,css,5bf8b9ac,TyAlbao,2025-04-11,22:18:27,-07:00,2025-04-11T22:18:27-07:00,0,4
style.css,18,css,1200538b,TyAlbao,2025-04-18,22:24:26,-07:00,2025-04-18T22:24:26-07:00,0,40
style.css,19,css,5bf8b9ac,TyAlbao,2025-04-11,22:18:27,-07:00,2025-04-11T22:18:27-07:00,0,13
style.css,20,css,5bf8b9ac,TyAlbao,2025-04-11,22:18:27,-07:00,2025-04-11T22:18:27-07:00,0,21
style.css,21,css,5bf8b9ac,TyAlbao,2025-04-11,22:18:27,-07:00,2025-04-11T22:18:27-07:00,0,24
style.css,22,css,5bf8b9ac,TyAlbao,2025-04-11,22:18:27,-07:00,2025-04-11T22:18:27-07:00,0,26
style.css,23,css,1200538b,TyAlbao,2025-04-18,22:24:26,-07:00,2025-04-18T22:24:26-07:00,0,40
style.css,24,css,5bf8b9ac,TyAlbao,2025-04-11,22:18:27,-07:00,2025-04-11T22:18:27-07:00,0,0
style.css,25,css,5bf8b9ac,TyAlbao,2025-04-11,22:18:27,-07:00,2025-04-11T22:18:27-07:00,0,6
style.css,26,css,5bf8b9ac,TyAlbao,2025-04-11,22:18:27,-07:00,2025-04-11T22:18:27-07:00,0,7
style.css,27,css,5bf8b9ac,TyAlbao,2025-04-11,22:18:27,-07:00,2025-04-11T22:18:27-07:00,0,21
style.css,28,css,5bf8b9ac,TyAlbao,2025-04-11,22:18:27,-07:00,2025-04-11T22:18:27-07:00,0,14
style.css,29,css,5bf8b9ac,TyAlbao,2025-04-11,22:18:27,-07:00,2025-04-11T22:18:27-07:00,0,18
style.css,30,css,5bf8b9ac,TyAlbao,2025-04-11,22:18:27,-07:00,2025-04-11T22:18:27-07:00,0,21
style.css,31,css,5bf8b9ac,TyAlbao,2025-04-11,22:18:27,-07:00,2025-04-11T22:18:27-07:00,0,0
style.css,32,css,5bf8b9ac,TyAlbao,2025-04-11,22:18:27,-07:00,2025-04-11T22:18:27-07:00,0,0
style.css,33,css,5bf8b9ac,TyAlbao,2025-04-11,22:18:27,-07:00,2025-04-11T22:18:27-07:00,0,9
style.css,34,css,5bf8b9ac,TyAlbao,2025-04-11,22:18:27,-07:00,2025-04-11T22:18:27-07:00,0,25
style.css,35,css,5bf8b9ac,TyAlbao,2025-04-11,22:18:27,-07:00,2025-04-11T22:18:27-07:00,0,26
style.css,36,css,1200538b,TyAlbao,2025-04-18,22:24:26,-07:00,2025-04-18T22:24:26-07:00,0,40
style.css,37,css,5bf8b9ac,TyAlbao,2025-04-11,22:18:27,-07:00,2025-04-11T22:18:27-07:00,0,0
style.css,38,css,5bf8b9ac,TyAlbao,2025-04-11,22:18:27,-07:00,2025-04-11T22:18:27-07:00,0,0
style.css,39,css,5bf8b9ac,TyAlbao,2025-04-11,22:18:27,-07:00,2025-04-11T22:18:27-07:00,0,5
style.css,40,css,1200538b,TyAlbao,2025-04-18,22:24:26,-07:00,2025-04-18T22:24:26-07:00,0,24
style.css,41,css,5bf8b9ac,TyAlbao,2025-04-11,22:18:27,-07:00,2025-04-11T22:18:27-07:00,0,23
style.css,42,css,5bf8b9ac,TyAlbao,2025-04-11,22:18:27,-07:00,2025-04-11T22:18:27-07:00,0,0
style.css,43,css,5bf8b9ac,TyAlbao,2025-04-11,22:18:27,-07:00,2025-04-11T22:18:27-07:00,0,0
style.css,44,css,5bf8b9ac,TyAlbao,2025-04-11,22:18:27,-07:00,2025-04-11T22:18:27-07:00,0,12
style.css,45,css,5bf8b9ac,TyAlbao,2025-04-11,22:18:27,-07:00,2025-04-11T22:18:27-07:00,0,25
style.css,46,css,5bf8b9ac,TyAlbao,2025-04-11,22:18:27,-07:00,2025-04-11T22:18:27-07:00,0,26
style.css,47,css,5bf8b9ac,TyAlbao,2025-04-11,22:18:27,-07:00,2025-04-11T22:18:27-07:00,0,40
style.css,48,css,1200538b,TyAlbao,2025-04-18,22:24:26,-07:00,2025-04-18T22:24:26-07:00,0,70
style.css,49,css,5bf8b9ac,TyAlbao,2025-04-11,22:18:27,-07:00,2025-04-11T22:18:27-07:00,0,0
style.css,50,css,5bf8b9ac,TyAlbao,2025-04-11,22:18:27,-07:00,2025-04-11T22:18:27-07:00,0,0
style.css,51,css,5bf8b9ac,TyAlbao,2025-04-11,22:18:27,-07:00,2025-04-11T22:18:27-07:00,0,5
style.css,52,css,5bf8b9ac,TyAlbao,2025-04-11,22:18:27,-07:00,2025-04-11T22:18:27-07:00,0,13
style.css,53,css,5bf8b9ac,TyAlbao,2025-04-11,22:18:27,-07:00,2025-04-11T22:18:27-07:00,0,31
style.css,54,css,5bf8b9ac,TyAlbao,2025-04-11,22:18:27,-07:00,2025-04-11T22:18:27-07:00,0,7
style.css,55,css,5bf8b9ac,TyAlbao,2025-04-11,22:18:27,-07:00,2025-04-11T22:18:27-07:00,0,0
style.css,56,css,5bf8b9ac,TyAlbao,2025-04-11,22:18:27,-07:00,2025-04-11T22:18:27-07:00,0,11
style.css,57,css,5bf8b9ac,TyAlbao,2025-04-11,22:18:27,-07:00,2025-04-11T22:18:27-07:00,0,13
style.css,58,css,5bf8b9ac,TyAlbao,2025-04-11,22:18:27,-07:00,2025-04-11T22:18:27-07:00,0,30
style.css,59,css,5bf8b9ac,TyAlbao,2025-04-11,22:18:27,-07:00,2025-04-11T22:18:27-07:00,0,19
style.css,60,css,5bf8b9ac,TyAlbao,2025-04-11,22:18:27,-07:00,2025-04-11T22:18:27-07:00,0,0
style.css,61,css,5bf8b9ac,TyAlbao,2025-04-11,22:18:27,-07:00,2025-04-11T22:18:27-07:00,0,0
style.css,62,css,5bf8b9ac,TyAlbao,2025-04-11,22:18:27,-07:00,2025-04-11T22:18:27-07:00,0,12
style.css,63,css,5bf8b9ac,TyAlbao,2025-04-11,22:18:27,-07:00,2025-04-11T22:18:27-07:00,0,13
style.css,64,css,5bf8b9ac,TyAlbao,2025-04-11,22:18:27,-07:00,2025-04-11T22:18:27-07:00,0,19
style.css,65,css,5bf8b9ac,TyAlbao,2025-04-11,22:18:27,-07:00,2025-04-11T22:18:27-07:00,0,11
style.css,66,css,5bf8b9ac,TyAlbao,2025-04-11,22:18:27,-07:00,2025-04-11T22:18:27-07:00,0,0
style.css,67,css,5bf8b9ac,TyAlbao,2025-04-11,22:18:27,-07:00,2025-04-11T22:18:27-07:00,0,0
style.css,68,css,5bf8b9ac,TyAlbao,2025-04-11,22:18:27,-07:00,2025-04-11T22:18:27-07:00,0,10
style.css,69,css,5bf8b9ac,TyAlbao,2025-04-11,22:18:27,-07:00,2025-04-11T22:18:27-07:00,0,13
style.css,70,css,5bf8b9ac,TyAlbao,2025-04-11,22:18:27,-07:00,2025-04-11T22:18:27-07:00,0,59
style.css,71,css,5bf8b9ac,TyAlbao,2025-04-11,22:18:27,-07:00,2025-04-11T22:18:27-07:00,0,0
style.css,72,css,5bf8b9ac,TyAlbao,2025-04-11,22:18:27,-07:00,2025-04-11T22:18:27-07:00,0,0
style.css,73,css,5bf8b9ac,TyAlbao,2025-04-11,22:18:27,-07:00,2025-04-11T22:18:27-07:00,0,18
style.css,74,css,5bf8b9ac,TyAlbao,2025-04-11,22:18:27,-07:00,2025-04-11T22:18:27-07:00,0,13
style.css,75,css,5bf8b9ac,TyAlbao,2025-04-11,22:18:27,-07:00,2025-04-11T22:18:27-07:00,0,30
style.css,76,css,5bf8b9ac,TyAlbao,2025-04-11,22:18:27,-07:00,2025-04-11T22:18:27-07:00,0,16
style.css,77,css,5bf8b9ac,TyAlbao,2025-04-11,22:18:27,-07:00,2025-04-11T22:18:27-07:00,0,8
style.css,78,css,5bf8b9ac,TyAlbao,2025-04-11,22:18:27,-07:00,2025-04-11T22:18:27-07:00,0,0
style.css,79,css,5bf8b9ac,TyAlbao,2025-04-11,22:18:27,-07:00,2025-04-11T22:18:27-07:00,0,0
style.css,80,css,62c25911,TyAlbao,2025-04-26,14:36:10,-07:00,2025-04-26T14:36:10-07:00,0,6
style.css,81,css,5bf8b9ac,TyAlbao,2025-04-11,22:18:27,-07:00,2025-04-11T22:18:27-07:00,0,9
style.css,82,css,62c25911,TyAlbao,2025-04-26,14:36:10,-07:00,2025-04-26T14:36:10-07:00,0,3
style.css,83,css,62c25911,TyAlbao,2025-04-26,14:36:10,-07:00,2025-04-26T14:36:10-07:00,0,3
style.css,84,css,62c25911,TyAlbao,2025-04-26,14:36:10,-07:00,2025-04-26T14:36:10-07:00,0,16
style.css,85,css,62c25911,TyAlbao,2025-04-26,14:36:10,-07:00,2025-04-26T14:36:10-07:00,0,19
style.css,86,css,5bf8b9ac,TyAlbao,2025-04-11,22:18:27,-07:00,2025-04-11T22:18:27-07:00,0,0
style.css,87,css,5bf8b9ac,TyAlbao,2025-04-11,22:18:27,-07:00,2025-04-11T22:18:27-07:00,0,0
style.css,88,css,5bf8b9ac,TyAlbao,2025-04-11,22:18:27,-07:00,2025-04-11T22:18:27-07:00,0,3
style.css,89,css,5bf8b9ac,TyAlbao,2025-04-11,22:18:27,-07:00,2025-04-11T22:18:27-07:00,0,15
style.css,90,css,5bf8b9ac,TyAlbao,2025-04-11,22:18:27,-07:00,2025-04-11T22:18:27-07:00,0,0
style.css,91,css,5bf8b9ac,TyAlbao,2025-04-11,22:18:27,-07:00,2025-04-11T22:18:27-07:00,0,0
style.css,92,css,5bf8b9ac,TyAlbao,2025-04-11,22:18:27,-07:00,2025-04-11T22:18:27-07:00,0,23
style.css,93,css,5bf8b9ac,TyAlbao,2025-04-11,22:18:27,-07:00,2025-04-11T22:18:27-07:00,0,16
style.css,94,css,5bf8b9ac,TyAlbao,2025-04-11,22:18:27,-07:00,2025-04-11T22:18:27-07:00,0,18
style.css,95,css,5bf8b9ac,TyAlbao,2025-04-11,22:18:27,-07:00,2025-04-11T22:18:27-07:00,0,0
style.css,96,css,5bf8b9ac,TyAlbao,2025-04-11,22:18:27,-07:00,2025-04-11T22:18:27-07:00,0,0
style.css,97,css,5bf8b9ac,TyAlbao,2025-04-11,22:18:27,-07:00,2025-04-11T22:18:27-07:00,0,3
style.css,98,css,5bf8b9ac,TyAlbao,2025-04-11,22:18:27,-07:00,2025-04-11T22:18:27-07:00,0,15
style.css,99,css,5bf8b9ac,TyAlbao,2025-04-11,22:18:27,-07:00,2025-04-11T22:18:27-07:00,0,18
style.css,100,css,5bf8b9ac,TyAlbao,2025-04-11,22:18:27,-07:00,2025-04-11T22:18:27-07:00,0,0
style.css,101,css,5bf8b9ac,TyAlbao,2025-04-11,22:18:27,-07:00,2025-04-11T22:18:27-07:00,0,0
style.css,102,css,5bf8b9ac,TyAlbao,2025-04-11,22:18:27,-07:00,2025-04-11T22:18:27-07:00,0,19
style.css,103,css,5bf8b9ac,TyAlbao,2025-04-11,22:18:27,-07:00,2025-04-11T22:18:27-07:00,0,15
style.css,104,css,5bf8b9ac,TyAlbao,2025-04-11,22:18:27,-07:00,2025-04-11T22:18:27-07:00,0,0
style.css,105,css,5bf8b9ac,TyAlbao,2025-04-11,22:18:27,-07:00,2025-04-11T22:18:27-07:00,0,0
style.css,106,css,5bf8b9ac,TyAlbao,2025-04-11,22:18:27,-07:00,2025-04-11T22:18:27-07:00,0,31
style.css,107,css,5bf8b9ac,TyAlbao,2025-04-11,22:18:27,-07:00,2025-04-11T22:18:27-07:00,0,15
style.css,108,css,5bf8b9ac,TyAlbao,2025-04-11,22:18:27,-07:00,2025-04-11T22:18:27-07:00,0,0
style.css,109,css,5bf8b9ac,TyAlbao,2025-04-11,22:18:27,-07:00,2025-04-11T22:18:27-07:00,0,0
style.css,110,css,5bf8b9ac,TyAlbao,2025-04-11,22:18:27,-07:00,2025-04-11T22:18:27-07:00,0,9
style.css,111,css,5bf8b9ac,TyAlbao,2025-04-11,22:18:27,-07:00,2025-04-11T22:18:27-07:00,0,15
style.css,112,css,1200538b,TyAlbao,2025-04-18,22:24:26,-07:00,2025-04-18T22:24:26-07:00,0,0
style.css,113,css,1200538b,TyAlbao,2025-04-18,22:24:26,-07:00,2025-04-18T22:24:26-07:00,0,0
style.css,114,css,1200538b,TyAlbao,2025-04-18,22:24:26,-07:00,2025-04-18T22:24:26-07:00,0,19
style.css,115,css,1200538b,TyAlbao,2025-04-18,22:24:26,-07:00,2025-04-18T22:24:26-07:00,0,18
style.css,116,css,1200538b,TyAlbao,2025-04-18,22:24:26,-07:00,2025-04-18T22:24:26-07:00,0,9
style.css,117,css,1200538b,TyAlbao,2025-04-18,22:24:26,-07:00,2025-04-18T22:24:26-07:00,0,11
style.css,118,css,62c25911,TyAlbao,2025-04-26,14:36:10,-07:00,2025-04-26T14:36:10-07:00,0,0
style.css,119,css,62c25911,TyAlbao,2025-04-26,14:36:10,-07:00,2025-04-26T14:36:10-07:00,0,0
style.css,120,css,62c25911,TyAlbao,2025-04-26,14:36:10,-07:00,2025-04-26T14:36:10-07:00,0,18
style.css,121,css,62c25911,TyAlbao,2025-04-26,14:36:10,-07:00,2025-04-26T14:36:10-07:00,0,13
style.css,122,css,62c25911,TyAlbao,2025-04-26,14:36:10,-07:00,2025-04-26T14:36:10-07:00,0,37
style.css,123,css,62c25911,TyAlbao,2025-04-26,14:36:10,-07:00,2025-04-26T14:36:10-07:00,0,18
style.css,124,css,62c25911,TyAlbao,2025-04-26,14:36:10,-07:00,2025-04-26T14:36:10-07:00,0,16
style.css,125,css,62c25911,TyAlbao,2025-04-26,14:36:10,-07:00,2025-04-26T14:36:10-07:00,0,0
style.css,126,css,62c25911,TyAlbao,2025-04-26,14:36:10,-07:00,2025-04-26T14:36:10-07:00,0,0
style.css,127,css,62c25911,TyAlbao,2025-04-26,14:36:10,-07:00,2025-04-26T14:36:10-07:00,0,18
style.css,128,css,62c25911,TyAlbao,2025-04-26,14:36:10,-07:00,2025-04-26T14:36:10-07:00,0,15
style.css,129,css,62c25911,TyAlbao,2025-04-26,14:36:10,-07:00,2025-04-26T14:36:10-07:00,0,25
style.css,130,css,62c25911,TyAlbao,2025-04-26,14:36:10,-07:00,2025-04-26T14:36:10-07:00,0,11
style.css,131,css,62c25911,TyAlbao,2025-04-26,14:36:10,-07:00,2025-04-26T14:36:10-07:00,0,11
style.css,132,css,62c25911,TyAlbao,2025-04-26,14:36:10,-07:00,2025-04-26T14:36:10-07:00,0,0
style.css,133,css,62c25911,TyAlbao,2025-04-26,14:36:10,-07:00,2025-04-26T14:36:10-07:00,0,0
style.css,134,css,62c25911,TyAlbao,2025-04-26,14:36:10,-07:00,2025-04-26T14:36:10-07:00,0,18
style.css,135,css,62c25911,TyAlbao,2025-04-26,14:36:10,-07:00,2025-04-26T14:36:10-07:00,0,15
style.css,136,css,62c25911,TyAlbao,2025-04-26,14:36:10,-07:00,2025-04-26T14:36:10-07:00,0,17
style.css,137,css,62c25911,TyAlbao,2025-04-26,14:36:10,-07:00,2025-04-26T14:36:10-07:00,0,45
style.css,138,css,62c25911,TyAlbao,2025-04-26,14:36:10,-07:00,2025-04-26T14:36:10-07:00,0,11
style.css,139,css,62c25911,TyAlbao,2025-04-26,14:36:10,-07:00,2025-04-26T14:36:10-07:00,0,0
style.css,140,css,62c25911,TyAlbao,2025-04-26,14:36:10,-07:00,2025-04-26T14:36:10-07:00,0,0
style.css,141,css,62c25911,TyAlbao,2025-04-26,14:36:10,-07:00,2025-04-26T14:36:10-07:00,0,15
style.css,142,css,62c25911,TyAlbao,2025-04-26,14:36:10,-07:00,2025-04-26T14:36:10-07:00,0,19
style.css,143,css,ac0dc1be,TyAlbao,2025-05-02,19:45:02,-07:00,2025-05-02T19:45:02-07:00,0,0
style.css,144,css,ac0dc1be,TyAlbao,2025-05-02,19:45:02,-07:00,2025-05-02T19:45:02-07:00,0,0
style.css,145,css,ac0dc1be,TyAlbao,2025-05-02,19:45:02,-07:00,2025-05-02T19:45:02-07:00,0,14
style.css,146,css,ac0dc1be,TyAlbao,2025-05-02,19:45:02,-07:00,2025-05-02T19:45:02-07:00,0,14
style.css,147,css,ac0dc1be,TyAlbao,2025-05-02,19:45:02,-07:00,2025-05-02T19:45:02-07:00,0,11
style.css,148,css,ac0dc1be,TyAlbao,2025-05-02,19:45:02,-07:00,2025-05-02T19:45:02-07:00,0,18
style.css,149,css,ac0dc1be,TyAlbao,2025-05-02,19:45:02,-07:00,2025-05-02T19:45:02-07:00,0,0
style.css,150,css,ac0dc1be,TyAlbao,2025-05-02,19:45:02,-07:00,2025-05-02T19:45:02-07:00,0,0
style.css,151,css,ac0dc1be,TyAlbao,2025-05-02,19:45:02,-07:00,2025-05-02T19:45:02-07:00,0,11
style.css,152,css,ac0dc1be,TyAlbao,2025-05-02,19:45:02,-07:00,2025-05-02T19:45:02-07:00,0,13
style.css,153,css,ac0dc1be,TyAlbao,2025-05-02,19:45:02,-07:00,2025-05-02T19:45:02-07:00,0,19
style.css,154,css,ac0dc1be,TyAlbao,2025-05-02,19:45:02,-07:00,2025-05-02T19:45:02-07:00,0,8
style.css,155,css,ac0dc1be,TyAlbao,2025-05-02,19:45:02,-07:00,2025-05-02T19:45:02-07:00,0,16
style.css,156,css,ac0dc1be,TyAlbao,2025-05-02,19:45:02,-07:00,2025-05-02T19:45:02-07:00,0,17
style.css,157,css,ac0dc1be,TyAlbao,2025-05-02,19:45:02,-07:00,2025-05-02T19:45:02-07:00,0,0
style.css,158,css,ac0dc1be,TyAlbao,2025-05-02,19:45:02,-07:00,2025-05-02T19:45:02-07:00,0,0
style.css,159,css,ac0dc1be,TyAlbao,2025-05-02,19:45:02,-07:00,2025-05-02T19:45:02-07:00,0,19
style.css,160,css,ac0dc1be,TyAlbao,2025-05-02,19:45:02,-07:00,2025-05-02T19:45:02-07:00,0,12
style.css,161,css,ac0dc1be,TyAlbao,2025-05-02,19:45:02,-07:00,2025-05-02T19:45:02-07:00,0,13
style.css,162,css,ac0dc1be,TyAlbao,2025-05-02,19:45:02,-07:00,2025-05-02T19:45:02-07:00,0,14
style.css,163,css,ac0dc1be,TyAlbao,2025-05-02,19:45:02,-07:00,2025-05-02T19:45:02-07:00,0,0
style.css,164,css,ac0dc1be,TyAlbao,2025-05-02,19:45:02,-07:00,2025-05-02T19:45:02-07:00,0,0
style.css,165,css,ac0dc1be,TyAlbao,2025-05-02,19:45:02,-07:00,2025-05-02T19:45:02-07:00,0,8
style.css,166,css,ac0dc1be,TyAlbao,2025-05-02,19:45:02,-07:00,2025-05-02T19:45:02-07:00,0,7
style.css,167,css,ac0dc1be,TyAlbao,2025-05-02,19:45:02,-07:00,2025-05-02T19:45:02-07:00,0,13
style.css,168,css,ac0dc1be,TyAlbao,2025-05-02,19:45:02,-07:00,2025-05-02T19:45:02-07:00,0,58
style.css,169,css,ac0dc1be,TyAlbao,2025-05-02,19:45:02,-07:00,2025-05-02T19:45:02-07:00,0,14
style.css,170,css,ac0dc1be,TyAlbao,2025-05-02,19:45:02,-07:00,2025-05-02T19:45:02-07:00,0,19
style.css,171,css,ac0dc1be,TyAlbao,2025-05-02,19:45:02,-07:00,2025-05-02T19:45:02-07:00,0,19
style.css,172,css,ac0dc1be,TyAlbao,2025-05-02,19:45:02,-07:00,2025-05-02T19:45:02-07:00,0,19
style.css,173,css,ac0dc1be,TyAlbao,2025-05-02,19:45:02,-07:00,2025-05-02T19:45:02-07:00,0,12
style.css,174,css,ac0dc1be,TyAlbao,2025-05-02,19:45:02,-07:00,2025-05-02T19:45:02-07:00,0,27
style.css,175,css,ac0dc1be,TyAlbao,2025-05-02,19:45:02,-07:00,2025-05-02T19:45:02-07:00,0,19
style.css,176,css,ac0dc1be,TyAlbao,2025-05-02,19:45:02,-07:00,2025-05-02T19:45:02-07:00,0,16
style.css,177,css,ac0dc1be,TyAlbao,2025-05-02,19:45:02,-07:00,2025-05-02T19:45:02-07:00,0,0
style.css,178,css,ac0dc1be,TyAlbao,2025-05-02,19:45:02,-07:00,2025-05-02T19:45:02-07:00,0,0
style.css,179,css,ac0dc1be,TyAlbao,2025-05-02,19:45:02,-07:00,2025-05-02T19:45:02-07:00,0,13
style.css,180,css,ac0dc1be,TyAlbao,2025-05-02,19:45:02,-07:00,2025-05-02T19:45:02-07:00,0,13
style.css,181,css,ac0dc1be,TyAlbao,2025-05-02,19:45:02,-07:00,2025-05-02T19:45:02-07:00,0,19
style.css,182,css,ac0dc1be,TyAlbao,2025-05-02,19:45:02,-07:00,2025-05-02T19:45:02-07:00,0,10
style.css,183,css,ac0dc1be,TyAlbao,2025-05-02,19:45:02,-07:00,2025-05-02T19:45:02-07:00,0,17
style.css,184,css,ac0dc1be,TyAlbao,2025-05-02,19:45:02,-07:00,2025-05-02T19:45:02-07:00,0,0
style.css,185,css,ac0dc1be,TyAlbao,2025-05-02,19:45:02,-07:00,2025-05-02T19:45:02-07:00,0,0
style.css,186,css,ac0dc1be,TyAlbao,2025-05-02,19:45:02,-07:00,2025-05-02T19:45:02-07:00,0,8
style.css,187,css,ac0dc1be,TyAlbao,2025-05-02,19:45:02,-07:00,2025-05-02T19:45:02-07:00,0,10
style.css,188,css,ac0dc1be,TyAlbao,2025-05-02,19:45:02,-07:00,2025-05-02T19:45:02-07:00,0,19
style.css,189,css,ac0dc1be,TyAlbao,2025-05-02,19:45:02,-07:00,2025-05-02T19:45:02-07:00,0,30
style.css,190,css,ac0dc1be,TyAlbao,2025-05-02,19:45:02,-07:00,2025-05-02T19:45:02-07:00,0,21
style.css,191,css,ac0dc1be,TyAlbao,2025-05-02,19:45:02,-07:00,2025-05-02T19:45:02-07:00,0,18
style.css,192,css,ac0dc1be,TyAlbao,2025-05-02,19:45:02,-07:00,2025-05-02T19:45:02-07:00,0,22
style.css,193,css,ac0dc1be,TyAlbao,2025-05-02,19:45:02,-07:00,2025-05-02T19:45:02-07:00,0,0
style.css,194,css,ac0dc1be,TyAlbao,2025-05-02,19:45:02,-07:00,2025-05-02T19:45:02-07:00,0,0
style.css,195,css,ac0dc1be,TyAlbao,2025-05-02,19:45:02,-07:00,2025-05-02T19:45:02-07:00,0,52
style.css,196,css,ac0dc1be,TyAlbao,2025-05-02,19:45:02,-07:00,2025-05-02T19:45:02-07:00,0,12
style.css,197,css,ac0dc1be,TyAlbao,2025-05-02,19:45:02,-07:00,2025-05-02T19:45:02-07:00,0,0
style.css,198,css,ac0dc1be,TyAlbao,2025-05-02,19:45:02,-07:00,2025-05-02T19:45:02-07:00,0,0
style.css,199,css,ac0dc1be,TyAlbao,2025-05-02,19:45:02,-07:00,2025-05-02T19:45:02-07:00,0,24
style.css,200,css,ac0dc1be,TyAlbao,2025-05-02,19:45:02,-07:00,2025-05-02T19:45:02-07:00,0,30
style.css,201,css,ac0dc1be,TyAlbao,2025-05-02,19:45:02,-07:00,2025-05-02T19:45:02-07:00,0,15
style.css,202,css,ac0dc1be,TyAlbao,2025-05-02,19:45:02,-07:00,2025-05-02T19:45:02-07:00,0,0
style.css,203,css,ac0dc1be,TyAlbao,2025-05-02,19:45:02,-07:00,2025-05-02T19:45:02-07:00,0,0
style.css,204,css,ac0dc1be,TyAlbao,2025-05-02,19:45:02,-07:00,2025-05-02T19:45:02-07:00,0,10
style.css,205,css,ac0dc1be,TyAlbao,2025-05-02,19:45:02,-07:00,2025-05-02T19:45:02-07:00,0,36
style.css,206,css,ac0dc1be,TyAlbao,2025-05-02,19:45:02,-07:00,2025-05-02T19:45:02-07:00,0,0
style.css,207,css,ac0dc1be,TyAlbao,2025-05-02,19:45:02,-07:00,2025-05-02T19:45:02-07:00,0,0
style.css,208,css,ac0dc1be,TyAlbao,2025-05-02,19:45:02,-07:00,2025-05-02T19:45:02-07:00,0,33
style.css,209,css,ac0dc1be,TyAlbao,2025-05-02,19:45:02,-07:00,2025-05-02T19:45:02-07:00,0,29
style.css,210,css,ac0dc1be,TyAlbao,2025-05-02,19:45:02,-07:00,2025-05-02T19:45:02-07:00,0,0
style.css,211,css,ac0dc1be,TyAlbao,2025-05-02,19:45:02,-07:00,2025-05-02T19:45:02-07:00,0,0
style.css,212,css,ac0dc1be,TyAlbao,2025-05-02,19:45:02,-07:00,2025-05-02T19:45:02-07:00,0,30
style.css,213,css,ac0dc1be,TyAlbao,2025-05-02,19:45:02,-07:00,2025-05-02T19:45:02-07:00,0,41
style.css,214,css,5bf8b9ac,TyAlbao,2025-04-11,22:18:27,-07:00,2025-04-11T22:18:27-07:00,0,0
index.js,1,js,62c25911,TyAlbao,2025-04-26,14:36:10,-07:00,2025-04-26T14:36:10-07:00,0,72
index.js,2,js,62c25911,TyAlbao,2025-04-26,14:36:10,-07:00,2025-04-26T14:36:10-07:00,0,0
index.js,3,js,62c25911,TyAlbao,2025-04-26,14:36:10,-07:00,2025-04-26T14:36:10-07:00,0,55
index.js,4,js,62c25911,TyAlbao,2025-04-26,14:36:10,-07:00,2025-04-26T14:36:10-07:00,0,43
index.js,5,js,62c25911,TyAlbao,2025-04-26,14:36:10,-07:00,2025-04-26T14:36:10-07:00,0,61
index.js,6,js,62c25911,TyAlbao,2025-04-26,14:36:10,-07:00,2025-04-26T14:36:10-07:00,0,0
index.js,7,js,62c25911,TyAlbao,2025-04-26,14:36:10,-07:00,2025-04-26T14:36:10-07:00,0,54
index.js,8,js,62c25911,TyAlbao,2025-04-26,14:36:10,-07:00,2025-04-26T14:36:10-07:00,0,0
index.js,9,js,62c25911,TyAlbao,2025-04-26,14:36:10,-07:00,2025-04-26T14:36:10-07:00,0,50
index.js,10,js,62c25911,TyAlbao,2025-04-26,14:36:10,-07:00,2025-04-26T14:36:10-07:00,0,61
index.js,11,js,62c25911,TyAlbao,2025-04-26,14:36:10,-07:00,2025-04-26T14:36:10-07:00,0,0
index.js,12,js,62c25911,TyAlbao,2025-04-26,14:36:10,-07:00,2025-04-26T14:36:10-07:00,0,18
index.js,13,js,62c25911,TyAlbao,2025-04-26,14:36:10,-07:00,2025-04-26T14:36:10-07:00,0,25
index.js,14,js,62c25911,TyAlbao,2025-04-26,14:36:10,-07:00,2025-04-26T14:36:10-07:00,0,3
index.js,15,js,62c25911,TyAlbao,2025-04-26,14:36:10,-07:00,2025-04-26T14:36:10-07:00,0,56
index.js,16,js,62c25911,TyAlbao,2025-04-26,14:36:10,-07:00,2025-04-26T14:36:10-07:00,0,56
index.js,17,js,62c25911,TyAlbao,2025-04-26,14:36:10,-07:00,2025-04-26T14:36:10-07:00,0,50
index.js,18,js,62c25911,TyAlbao,2025-04-26,14:36:10,-07:00,2025-04-26T14:36:10-07:00,0,50
index.js,19,js,62c25911,TyAlbao,2025-04-26,14:36:10,-07:00,2025-04-26T14:36:10-07:00,0,4
index.js,20,js,62c25911,TyAlbao,2025-04-26,14:36:10,-07:00,2025-04-26T14:36:10-07:00,0,1
index.js,21,js,62c25911,TyAlbao,2025-04-26,14:36:10,-07:00,2025-04-26T14:36:10-07:00,0,0
index.html,1,html,c71b577a,TyAlbao,2025-04-02,20:50:26,-07:00,2025-04-02T20:50:26-07:00,0,14
index.html,2,html,c71b577a,TyAlbao,2025-04-02,20:50:26,-07:00,2025-04-02T20:50:26-07:00,0,15
index.html,3,html,c71b577a,TyAlbao,2025-04-02,20:50:26,-07:00,2025-04-02T20:50:26-07:00,0,5
index.html,4,html,c71b577a,TyAlbao,2025-04-02,20:50:26,-07:00,2025-04-02T20:50:26-07:00,0,21
index.html,5,html,c71b577a,TyAlbao,2025-04-02,20:50:26,-07:00,2025-04-02T20:50:26-07:00,0,69
index.html,6,html,c71b577a,TyAlbao,2025-04-02,20:50:26,-07:00,2025-04-02T20:50:26-07:00,0,51
index.html,7,html,bd0b05b5,TyAlbao,2025-04-02,21:03:00,-07:00,2025-04-02T21:03:00-07:00,0,43
index.html,8,html,1200538b,TyAlbao,2025-04-18,22:24:26,-07:00,2025-04-18T22:24:26-07:00,0,50
index.html,9,html,62c25911,TyAlbao,2025-04-26,14:36:10,-07:00,2025-04-26T14:36:10-07:00,0,55
index.html,10,html,c71b577a,TyAlbao,2025-04-02,20:50:26,-07:00,2025-04-02T20:50:26-07:00,0,6
index.html,11,html,c71b577a,TyAlbao,2025-04-02,20:50:26,-07:00,2025-04-02T20:50:26-07:00,0,5
index.html,12,html,1200538b,TyAlbao,2025-04-18,22:24:26,-07:00,2025-04-18T22:24:26-07:00,0,9
index.html,13,html,513d496a,TyAlbao,2025-04-03,00:44:20,-07:00,2025-04-03T00:44:20-07:00,0,3
index.html,14,html,1200538b,TyAlbao,2025-04-18,22:24:26,-07:00,2025-04-18T22:24:26-07:00,0,39
index.html,15,html,513d496a,TyAlbao,2025-04-03,00:44:20,-07:00,2025-04-03T00:44:20-07:00,0,52
index.html,16,html,513d496a,TyAlbao,2025-04-03,00:44:20,-07:00,2025-04-03T00:44:20-07:00,0,50
index.html,17,html,513d496a,TyAlbao,2025-04-03,00:44:20,-07:00,2025-04-03T00:44:20-07:00,0,83
index.html,18,html,df03d70e,TyAlbao,2025-04-03,18:47:53,-07:00,2025-04-03T18:47:53-07:00,0,48
index.html,19,html,513d496a,TyAlbao,2025-04-03,00:44:20,-07:00,2025-04-03T00:44:20-07:00,0,4
index.html,20,html,1200538b,TyAlbao,2025-04-18,22:24:26,-07:00,2025-04-18T22:24:26-07:00,0,9
index.html,21,html,c71b577a,TyAlbao,2025-04-02,20:50:26,-07:00,2025-04-02T20:50:26-07:00,0,3
index.html,22,html,c71b577a,TyAlbao,2025-04-02,20:50:26,-07:00,2025-04-02T20:50:26-07:00,0,7
index.html,23,html,c71b577a,TyAlbao,2025-04-02,20:50:26,-07:00,2025-04-02T20:50:26-07:00,0,4
index.html,24,html,c71b577a,TyAlbao,2025-04-02,20:50:26,-07:00,2025-04-02T20:50:26-07:00,0,2
index.html,25,html,c71b577a,TyAlbao,2025-04-02,20:50:26,-07:00,2025-04-02T20:50:26-07:00,0,91
index.html,26,html,c71b577a,TyAlbao,2025-04-02,20:50:26,-07:00,2025-04-02T20:50:26-07:00,0,3
index.html,27,html,c78863ab,TyAlbao,2025-04-03,00:51:57,-07:00,2025-04-03T00:51:57-07:00,0,64
index.html,28,html,62c25911,TyAlbao,2025-04-26,14:36:10,-07:00,2025-04-26T14:36:10-07:00,0,23
index.html,29,html,62c25911,TyAlbao,2025-04-26,14:36:10,-07:00,2025-04-26T14:36:10-07:00,0,31
index.html,30,html,62c25911,TyAlbao,2025-04-26,14:36:10,-07:00,2025-04-26T14:36:10-07:00,0,23
index.html,31,html,62c25911,TyAlbao,2025-04-26,14:36:10,-07:00,2025-04-26T14:36:10-07:00,0,29
index.html,32,html,c71b577a,TyAlbao,2025-04-02,20:50:26,-07:00,2025-04-02T20:50:26-07:00,0,6
index.html,33,html,c71b577a,TyAlbao,2025-04-02,20:50:26,-07:00,2025-04-02T20:50:26-07:00,0,6
global.js,1,js,1200538b,TyAlbao,2025-04-18,22:24:26,-07:00,2025-04-18T22:24:26-07:00,0,26
global.js,2,js,1200538b,TyAlbao,2025-04-18,22:24:26,-07:00,2025-04-18T22:24:26-07:00,0,0
global.js,3,js,1200538b,TyAlbao,2025-04-18,22:24:26,-07:00,2025-04-18T22:24:26-07:00,0,42
global.js,4,js,1200538b,TyAlbao,2025-04-18,22:24:26,-07:00,2025-04-18T22:24:26-07:00,0,53
global.js,5,js,1200538b,TyAlbao,2025-04-18,22:24:26,-07:00,2025-04-18T22:24:26-07:00,0,0
global.js,6,js,1200538b,TyAlbao,2025-04-18,22:24:26,-07:00,2025-04-18T22:24:26-07:00,0,0
global.js,7,js,1200538b,TyAlbao,2025-04-18,22:24:26,-07:00,2025-04-18T22:24:26-07:00,0,31
global.js,8,js,1200538b,TyAlbao,2025-04-18,22:24:26,-07:00,2025-04-18T22:24:26-07:00,0,0
global.js,9,js,1200538b,TyAlbao,2025-04-18,22:24:26,-07:00,2025-04-18T22:24:26-07:00,0,34
global.js,10,js,1200538b,TyAlbao,2025-04-18,22:24:26,-07:00,2025-04-18T22:24:26-07:00,0,74
global.js,11,js,1200538b,TyAlbao,2025-04-18,22:24:26,-07:00,2025-04-18T22:24:26-07:00,0,6
global.js,12,js,1200538b,TyAlbao,2025-04-18,22:24:26,-07:00,2025-04-18T22:24:26-07:00,0,0
global.js,13,js,1200538b,TyAlbao,2025-04-18,22:24:26,-07:00,2025-04-18T22:24:26-07:00,0,40
global.js,14,js,1200538b,TyAlbao,2025-04-18,22:24:26,-07:00,2025-04-18T22:24:26-07:00,0,0
global.js,15,js,1200538b,TyAlbao,2025-04-18,22:24:26,-07:00,2025-04-18T22:24:26-07:00,0,12
global.js,16,js,1200538b,TyAlbao,2025-04-18,22:24:26,-07:00,2025-04-18T22:24:26-07:00,0,24
global.js,17,js,1200538b,TyAlbao,2025-04-18,22:24:26,-07:00,2025-04-18T22:24:26-07:00,0,37
global.js,18,js,1200538b,TyAlbao,2025-04-18,22:24:26,-07:00,2025-04-18T22:24:26-07:00,0,33
global.js,19,js,1200538b,TyAlbao,2025-04-18,22:24:26,-07:00,2025-04-18T22:24:26-07:00,0,60
global.js,20,js,00000000,Not Committed Yet,2025-05-08,21:41:25,-07:00,2025-05-08T21:41:25-07:00,0,35
global.js,21,js,00000000,Not Committed Yet,2025-05-08,21:41:25,-07:00,2025-05-08T21:41:25-07:00,0,28
global.js,22,js,1200538b,TyAlbao,2025-04-18,22:24:26,-07:00,2025-04-18T22:24:26-07:00,0,0
global.js,23,js,1200538b,TyAlbao,2025-04-18,22:24:26,-07:00,2025-04-18T22:24:26-07:00,0,0
global.js,24,js,1200538b,TyAlbao,2025-04-18,22:24:26,-07:00,2025-04-18T22:24:26-07:00,0,39
global.js,25,js,1200538b,TyAlbao,2025-04-18,22:24:26,-07:00,2025-04-18T22:24:26-07:00,0,25
global.js,26,js,1200538b,TyAlbao,2025-04-18,22:24:26,-07:00,2025-04-18T22:24:26-07:00,0,0
global.js,27,js,1200538b,TyAlbao,2025-04-18,22:24:26,-07:00,2025-04-18T22:24:26-07:00,0,89
global.js,28,js,1200538b,TyAlbao,2025-04-18,22:24:26,-07:00,2025-04-18T22:24:26-07:00,0,37
global.js,29,js,1200538b,TyAlbao,2025-04-18,22:24:26,-07:00,2025-04-18T22:24:26-07:00,0,49
global.js,30,js,1200538b,TyAlbao,2025-04-18,22:24:26,-07:00,2025-04-18T22:24:26-07:00,0,0
global.js,31,js,1200538b,TyAlbao,2025-04-18,22:24:26,-07:00,2025-04-18T22:24:26-07:00,0,21
global.js,32,js,1200538b,TyAlbao,2025-04-18,22:24:26,-07:00,2025-04-18T22:24:26-07:00,0,15
global.js,33,js,1200538b,TyAlbao,2025-04-18,22:24:26,-07:00,2025-04-18T22:24:26-07:00,0,19
global.js,34,js,1200538b,TyAlbao,2025-04-18,22:24:26,-07:00,2025-04-18T22:24:26-07:00,0,0
global.js,35,js,1200538b,TyAlbao,2025-04-18,22:24:26,-07:00,2025-04-18T22:24:26-07:00,0,29
global.js,36,js,1200538b,TyAlbao,2025-04-18,22:24:26,-07:00,2025-04-18T22:24:26-07:00,0,21
global.js,37,js,1200538b,TyAlbao,2025-04-18,22:24:26,-07:00,2025-04-18T22:24:26-07:00,0,0
global.js,38,js,1200538b,TyAlbao,2025-04-18,22:24:26,-07:00,2025-04-18T22:24:26-07:00,0,35
global.js,39,js,1200538b,TyAlbao,2025-04-18,22:24:26,-07:00,2025-04-18T22:24:26-07:00,0,12
global.js,40,js,1200538b,TyAlbao,2025-04-18,22:24:26,-07:00,2025-04-18T22:24:26-07:00,0,21
global.js,41,js,1200538b,TyAlbao,2025-04-18,22:24:26,-07:00,2025-04-18T22:24:26-07:00,0,13
global.js,42,js,1200538b,TyAlbao,2025-04-18,22:24:26,-07:00,2025-04-18T22:24:26-07:00,0,0
global.js,43,js,1200538b,TyAlbao,2025-04-18,22:24:26,-07:00,2025-04-18T22:24:26-07:00,0,18
global.js,44,js,1200538b,TyAlbao,2025-04-18,22:24:26,-07:00,2025-04-18T22:24:26-07:00,0,9
global.js,45,js,1200538b,TyAlbao,2025-04-18,22:24:26,-07:00,2025-04-18T22:24:26-07:00,0,60
global.js,46,js,1200538b,TyAlbao,2025-04-18,22:24:26,-07:00,2025-04-18T22:24:26-07:00,0,1
global.js,47,js,1200538b,TyAlbao,2025-04-18,22:24:26,-07:00,2025-04-18T22:24:26-07:00,0,0
global.js,48,js,1200538b,TyAlbao,2025-04-18,22:24:26,-07:00,2025-04-18T22:24:26-07:00,0,30
global.js,49,js,1200538b,TyAlbao,2025-04-18,22:24:26,-07:00,2025-04-18T22:24:26-07:00,0,19
global.js,50,js,1200538b,TyAlbao,2025-04-18,22:24:26,-07:00,2025-04-18T22:24:26-07:00,0,0
global.js,51,js,1200538b,TyAlbao,2025-04-18,22:24:26,-07:00,2025-04-18T22:24:26-07:00,0,0
global.js,52,js,1200538b,TyAlbao,2025-04-18,22:24:26,-07:00,2025-04-18T22:24:26-07:00,0,0
global.js,53,js,1200538b,TyAlbao,2025-04-18,22:24:26,-07:00,2025-04-18T22:24:26-07:00,0,32
global.js,54,js,1200538b,TyAlbao,2025-04-18,22:24:26,-07:00,2025-04-18T22:24:26-07:00,0,12
global.js,55,js,1200538b,TyAlbao,2025-04-18,22:24:26,-07:00,2025-04-18T22:24:26-07:00,0,0
global.js,56,js,1200538b,TyAlbao,2025-04-18,22:24:26,-07:00,2025-04-18T22:24:26-07:00,0,27
global.js,57,js,1200538b,TyAlbao,2025-04-18,22:24:26,-07:00,2025-04-18T22:24:26-07:00,0,5
global.js,58,js,1200538b,TyAlbao,2025-04-18,22:24:26,-07:00,2025-04-18T22:24:26-07:00,0,7
global.js,59,js,1200538b,TyAlbao,2025-04-18,22:24:26,-07:00,2025-04-18T22:24:26-07:00,0,44
global.js,60,js,1200538b,TyAlbao,2025-04-18,22:24:26,-07:00,2025-04-18T22:24:26-07:00,0,35
global.js,61,js,1200538b,TyAlbao,2025-04-18,22:24:26,-07:00,2025-04-18T22:24:26-07:00,0,33
global.js,62,js,1200538b,TyAlbao,2025-04-18,22:24:26,-07:00,2025-04-18T22:24:26-07:00,0,8
global.js,63,js,1200538b,TyAlbao,2025-04-18,22:24:26,-07:00,2025-04-18T22:24:26-07:00,0,7
global.js,64,js,1200538b,TyAlbao,2025-04-18,22:24:26,-07:00,2025-04-18T22:24:26-07:00,0,0
global.js,65,js,1200538b,TyAlbao,2025-04-18,22:24:26,-07:00,2025-04-18T22:24:26-07:00,0,1
global.js,66,js,1200538b,TyAlbao,2025-04-18,22:24:26,-07:00,2025-04-18T22:24:26-07:00,0,0
global.js,67,js,1200538b,TyAlbao,2025-04-18,22:24:26,-07:00,2025-04-18T22:24:26-07:00,0,59
global.js,68,js,1200538b,TyAlbao,2025-04-18,22:24:26,-07:00,2025-04-18T22:24:26-07:00,0,0
global.js,69,js,1200538b,TyAlbao,2025-04-18,22:24:26,-07:00,2025-04-18T22:24:26-07:00,0,0
global.js,70,js,1200538b,TyAlbao,2025-04-18,22:24:26,-07:00,2025-04-18T22:24:26-07:00,0,50
global.js,71,js,1200538b,TyAlbao,2025-04-18,22:24:26,-07:00,2025-04-18T22:24:26-07:00,0,58
global.js,72,js,1200538b,TyAlbao,2025-04-18,22:24:26,-07:00,2025-04-18T22:24:26-07:00,0,78
global.js,73,js,1200538b,TyAlbao,2025-04-18,22:24:26,-07:00,2025-04-18T22:24:26-07:00,0,44
global.js,74,js,1200538b,TyAlbao,2025-04-18,22:24:26,-07:00,2025-04-18T22:24:26-07:00,0,2
global.js,75,js,1200538b,TyAlbao,2025-04-18,22:24:26,-07:00,2025-04-18T22:24:26-07:00,0,0
global.js,76,js,1200538b,TyAlbao,2025-04-18,22:24:26,-07:00,2025-04-18T22:24:26-07:00,0,35
global.js,77,js,1200538b,TyAlbao,2025-04-18,22:24:26,-07:00,2025-04-18T22:24:26-07:00,0,84
global.js,78,js,1200538b,TyAlbao,2025-04-18,22:24:26,-07:00,2025-04-18T22:24:26-07:00,0,39
global.js,79,js,1200538b,TyAlbao,2025-04-18,22:24:26,-07:00,2025-04-18T22:24:26-07:00,0,0
global.js,80,js,62c25911,TyAlbao,2025-04-26,14:36:10,-07:00,2025-04-26T14:36:10-07:00,0,0
global.js,81,js,62c25911,TyAlbao,2025-04-26,14:36:10,-07:00,2025-04-26T14:36:10-07:00,0,37
global.js,82,js,62c25911,TyAlbao,2025-04-26,14:36:10,-07:00,2025-04-26T14:36:10-07:00,0,4
global.js,83,js,62c25911,TyAlbao,2025-04-26,14:36:10,-07:00,2025-04-26T14:36:10-07:00,0,40
global.js,84,js,62c25911,TyAlbao,2025-04-26,14:36:10,-07:00,2025-04-26T14:36:10-07:00,0,33
global.js,85,js,62c25911,TyAlbao,2025-04-26,14:36:10,-07:00,2025-04-26T14:36:10-07:00,0,20
global.js,86,js,62c25911,TyAlbao,2025-04-26,14:36:10,-07:00,2025-04-26T14:36:10-07:00,0,18
global.js,87,js,62c25911,TyAlbao,2025-04-26,14:36:10,-07:00,2025-04-26T14:36:10-07:00,0,67
global.js,88,js,62c25911,TyAlbao,2025-04-26,14:36:10,-07:00,2025-04-26T14:36:10-07:00,0,0
global.js,89,js,62c25911,TyAlbao,2025-04-26,14:36:10,-07:00,2025-04-26T14:36:10-07:00,0,34
global.js,90,js,62c25911,TyAlbao,2025-04-26,14:36:10,-07:00,2025-04-26T14:36:10-07:00,0,11
global.js,91,js,62c25911,TyAlbao,2025-04-26,14:36:10,-07:00,2025-04-26T14:36:10-07:00,0,16
global.js,92,js,62c25911,TyAlbao,2025-04-26,14:36:10,-07:00,2025-04-26T14:36:10-07:00,0,60
global.js,93,js,62c25911,TyAlbao,2025-04-26,14:36:10,-07:00,2025-04-26T14:36:10-07:00,0,0
global.js,94,js,62c25911,TyAlbao,2025-04-26,14:36:10,-07:00,2025-04-26T14:36:10-07:00,0,0
global.js,95,js,62c25911,TyAlbao,2025-04-26,14:36:10,-07:00,2025-04-26T14:36:10-07:00,0,0
global.js,96,js,62c25911,TyAlbao,2025-04-26,14:36:10,-07:00,2025-04-26T14:36:10-07:00,0,80
global.js,97,js,62c25911,TyAlbao,2025-04-26,14:36:10,-07:00,2025-04-26T14:36:10-07:00,0,23
global.js,98,js,62c25911,TyAlbao,2025-04-26,14:36:10,-07:00,2025-04-26T14:36:10-07:00,0,62
global.js,99,js,62c25911,TyAlbao,2025-04-26,14:36:10,-07:00,2025-04-26T14:36:10-07:00,0,6
global.js,100,js,62c25911,TyAlbao,2025-04-26,14:36:10,-07:00,2025-04-26T14:36:10-07:00,0,0
global.js,101,js,62c25911,TyAlbao,2025-04-26,14:36:10,-07:00,2025-04-26T14:36:10-07:00,0,0
global.js,102,js,62c25911,TyAlbao,2025-04-26,14:36:10,-07:00,2025-04-26T14:36:10-07:00,0,23
global.js,103,js,62c25911,TyAlbao,2025-04-26,14:36:10,-07:00,2025-04-26T14:36:10-07:00,0,58
global.js,104,js,62c25911,TyAlbao,2025-04-26,14:36:10,-07:00,2025-04-26T14:36:10-07:00,0,43
global.js,105,js,62c25911,TyAlbao,2025-04-26,14:36:10,-07:00,2025-04-26T14:36:10-07:00,0,83
global.js,106,js,62c25911,TyAlbao,2025-04-26,14:36:10,-07:00,2025-04-26T14:36:10-07:00,0,19
global.js,107,js,62c25911,TyAlbao,2025-04-26,14:36:10,-07:00,2025-04-26T14:36:10-07:00,0,0
global.js,108,js,62c25911,TyAlbao,2025-04-26,14:36:10,-07:00,2025-04-26T14:36:10-07:00,0,0
global.js,109,js,62c25911,TyAlbao,2025-04-26,14:36:10,-07:00,2025-04-26T14:36:10-07:00,0,31
global.js,110,js,62c25911,TyAlbao,2025-04-26,14:36:10,-07:00,2025-04-26T14:36:10-07:00,0,0
global.js,111,js,62c25911,TyAlbao,2025-04-26,14:36:10,-07:00,2025-04-26T14:36:10-07:00,0,28
global.js,112,js,62c25911,TyAlbao,2025-04-26,14:36:10,-07:00,2025-04-26T14:36:10-07:00,0,49
global.js,113,js,1200538b,TyAlbao,2025-04-18,22:24:26,-07:00,2025-04-18T22:24:26-07:00,0,0
global.js,114,js,62c25911,TyAlbao,2025-04-26,14:36:10,-07:00,2025-04-26T14:36:10-07:00,0,20
global.js,115,js,62c25911,TyAlbao,2025-04-26,14:36:10,-07:00,2025-04-26T14:36:10-07:00,0,50
global.js,116,js,62c25911,TyAlbao,2025-04-26,14:36:10,-07:00,2025-04-26T14:36:10-07:00,0,50
global.js,117,js,62c25911,TyAlbao,2025-04-26,14:36:10,-07:00,2025-04-26T14:36:10-07:00,0,28
global.js,118,js,ac0dc1be,TyAlbao,2025-05-02,19:45:02,-07:00,2025-05-02T19:45:02-07:00,0,48
global.js,119,js,62c25911,TyAlbao,2025-04-26,14:36:10,-07:00,2025-04-26T14:36:10-07:00,0,1
global.js,120,js,62c25911,TyAlbao,2025-04-26,14:36:10,-07:00,2025-04-26T14:36:10-07:00,0,0
global.js,121,js,62c25911,TyAlbao,2025-04-26,14:36:10,-07:00,2025-04-26T14:36:10-07:00,0,37
global.js,122,js,62c25911,TyAlbao,2025-04-26,14:36:10,-07:00,2025-04-26T14:36:10-07:00,0,2
global.js,123,js,62c25911,TyAlbao,2025-04-26,14:36:10,-07:00,2025-04-26T14:36:10-07:00,0,0
global.js,124,js,62c25911,TyAlbao,2025-04-26,14:36:10,-07:00,2025-04-26T14:36:10-07:00,0,0
global.js,125,js,62c25911,TyAlbao,2025-04-26,14:36:10,-07:00,2025-04-26T14:36:10-07:00,0,48
global.js,126,js,62c25911,TyAlbao,2025-04-26,14:36:10,-07:00,2025-04-26T14:36:10-07:00,0,59
global.js,127,js,62c25911,TyAlbao,2025-04-26,14:36:10,-07:00,2025-04-26T14:36:10-07:00,0,0
global.js,128,js,62c25911,TyAlbao,2025-04-26,14:36:10,-07:00,2025-04-26T14:36:10-07:00,0,0
resume\index.html,1,html,df03d70e,TyAlbao,2025-04-03,18:47:53,-07:00,2025-04-03T18:47:53-07:00,0,14
resume\index.html,2,html,df03d70e,TyAlbao,2025-04-03,18:47:53,-07:00,2025-04-03T18:47:53-07:00,0,15
resume\index.html,3,html,df03d70e,TyAlbao,2025-04-03,18:47:53,-07:00,2025-04-03T18:47:53-07:00,0,5
resume\index.html,4,html,df03d70e,TyAlbao,2025-04-03,18:47:53,-07:00,2025-04-03T18:47:53-07:00,0,21
resume\index.html,5,html,df03d70e,TyAlbao,2025-04-03,18:47:53,-07:00,2025-04-03T18:47:53-07:00,0,69
resume\index.html,6,html,df03d70e,TyAlbao,2025-04-03,18:47:53,-07:00,2025-04-03T18:47:53-07:00,0,20
resume\index.html,7,html,df03d70e,TyAlbao,2025-04-03,18:47:53,-07:00,2025-04-03T18:47:53-07:00,0,46
resume\index.html,8,html,1200538b,TyAlbao,2025-04-18,22:24:26,-07:00,2025-04-18T22:24:26-07:00,0,53
resume\index.html,9,html,df03d70e,TyAlbao,2025-04-03,18:47:53,-07:00,2025-04-03T18:47:53-07:00,0,6
resume\index.html,10,html,df03d70e,TyAlbao,2025-04-03,18:47:53,-07:00,2025-04-03T18:47:53-07:00,0,5
resume\index.html,11,html,1200538b,TyAlbao,2025-04-18,22:24:26,-07:00,2025-04-18T22:24:26-07:00,0,9
resume\index.html,12,html,df03d70e,TyAlbao,2025-04-03,18:47:53,-07:00,2025-04-03T18:47:53-07:00,0,3
resume\index.html,13,html,df03d70e,TyAlbao,2025-04-03,18:47:53,-07:00,2025-04-03T18:47:53-07:00,0,42
resume\index.html,14,html,df03d70e,TyAlbao,2025-04-03,18:47:53,-07:00,2025-04-03T18:47:53-07:00,0,55
resume\index.html,15,html,df03d70e,TyAlbao,2025-04-03,18:47:53,-07:00,2025-04-03T18:47:53-07:00,0,53
resume\index.html,16,html,df03d70e,TyAlbao,2025-04-03,18:47:53,-07:00,2025-04-03T18:47:53-07:00,0,83
resume\index.html,17,html,1200538b,TyAlbao,2025-04-18,22:24:26,-07:00,2025-04-18T22:24:26-07:00,0,41
resume\index.html,18,html,df03d70e,TyAlbao,2025-04-03,18:47:53,-07:00,2025-04-03T18:47:53-07:00,0,4
resume\index.html,19,html,1200538b,TyAlbao,2025-04-18,22:24:26,-07:00,2025-04-18T22:24:26-07:00,0,9
resume\index.html,20,html,df03d70e,TyAlbao,2025-04-03,18:47:53,-07:00,2025-04-03T18:47:53-07:00,0,7
resume\index.html,21,html,5bf8b9ac,TyAlbao,2025-04-11,22:18:27,-07:00,2025-04-11T22:18:27-07:00,0,14
resume\index.html,22,html,df03d70e,TyAlbao,2025-04-03,18:47:53,-07:00,2025-04-03T18:47:53-07:00,0,54
resume\index.html,23,html,df03d70e,TyAlbao,2025-04-03,18:47:53,-07:00,2025-04-03T18:47:53-07:00,0,8
resume\index.html,24,html,df03d70e,TyAlbao,2025-04-03,18:47:53,-07:00,2025-04-03T18:47:53-07:00,0,3
resume\index.html,25,html,df03d70e,TyAlbao,2025-04-03,18:47:53,-07:00,2025-04-03T18:47:53-07:00,0,8
resume\index.html,26,html,df03d70e,TyAlbao,2025-04-03,18:47:53,-07:00,2025-04-03T18:47:53-07:00,0,18
resume\index.html,27,html,df03d70e,TyAlbao,2025-04-03,18:47:53,-07:00,2025-04-03T18:47:53-07:00,0,8
resume\index.html,28,html,df03d70e,TyAlbao,2025-04-03,18:47:53,-07:00,2025-04-03T18:47:53-07:00,0,101
resume\index.html,29,html,5bf8b9ac,TyAlbao,2025-04-11,22:18:27,-07:00,2025-04-11T22:18:27-07:00,0,50
resume\index.html,30,html,5bf8b9ac,TyAlbao,2025-04-11,22:18:27,-07:00,2025-04-11T22:18:27-07:00,0,40
resume\index.html,31,html,df03d70e,TyAlbao,2025-04-03,18:47:53,-07:00,2025-04-03T18:47:53-07:00,0,2
resume\index.html,32,html,df03d70e,TyAlbao,2025-04-03,18:47:53,-07:00,2025-04-03T18:47:53-07:00,0,3
resume\index.html,33,html,df03d70e,TyAlbao,2025-04-03,18:47:53,-07:00,2025-04-03T18:47:53-07:00,0,74
resume\index.html,34,html,df03d70e,TyAlbao,2025-04-03,18:47:53,-07:00,2025-04-03T18:47:53-07:00,0,96
resume\index.html,35,html,df03d70e,TyAlbao,2025-04-03,18:47:53,-07:00,2025-04-03T18:47:53-07:00,0,65
resume\index.html,36,html,df03d70e,TyAlbao,2025-04-03,18:47:53,-07:00,2025-04-03T18:47:53-07:00,0,54
resume\index.html,37,html,df03d70e,TyAlbao,2025-04-03,18:47:53,-07:00,2025-04-03T18:47:53-07:00,0,4
resume\index.html,38,html,df03d70e,TyAlbao,2025-04-03,18:47:53,-07:00,2025-04-03T18:47:53-07:00,0,3
resume\index.html,39,html,df03d70e,TyAlbao,2025-04-03,18:47:53,-07:00,2025-04-03T18:47:53-07:00,0,9
resume\index.html,40,html,df03d70e,TyAlbao,2025-04-03,18:47:53,-07:00,2025-04-03T18:47:53-07:00,0,8
resume\index.html,41,html,df03d70e,TyAlbao,2025-04-03,18:47:53,-07:00,2025-04-03T18:47:53-07:00,0,91
resume\index.html,42,html,5bf8b9ac,TyAlbao,2025-04-11,22:18:27,-07:00,2025-04-11T22:18:27-07:00,0,45
resume\index.html,43,html,5bf8b9ac,TyAlbao,2025-04-11,22:18:27,-07:00,2025-04-11T22:18:27-07:00,0,52
resume\index.html,44,html,df03d70e,TyAlbao,2025-04-03,18:47:53,-07:00,2025-04-03T18:47:53-07:00,0,2
resume\index.html,45,html,df03d70e,TyAlbao,2025-04-03,18:47:53,-07:00,2025-04-03T18:47:53-07:00,0,3
resume\index.html,46,html,df03d70e,TyAlbao,2025-04-03,18:47:53,-07:00,2025-04-03T18:47:53-07:00,0,112
resume\index.html,47,html,df03d70e,TyAlbao,2025-04-03,18:47:53,-07:00,2025-04-03T18:47:53-07:00,0,41
resume\index.html,48,html,df03d70e,TyAlbao,2025-04-03,18:47:53,-07:00,2025-04-03T18:47:53-07:00,0,69
resume\index.html,49,html,df03d70e,TyAlbao,2025-04-03,18:47:53,-07:00,2025-04-03T18:47:53-07:00,0,92
resume\index.html,50,html,df03d70e,TyAlbao,2025-04-03,18:47:53,-07:00,2025-04-03T18:47:53-07:00,0,4
resume\index.html,51,html,df03d70e,TyAlbao,2025-04-03,18:47:53,-07:00,2025-04-03T18:47:53-07:00,0,3
resume\index.html,52,html,df03d70e,TyAlbao,2025-04-03,18:47:53,-07:00,2025-04-03T18:47:53-07:00,0,9
resume\index.html,53,html,df03d70e,TyAlbao,2025-04-03,18:47:53,-07:00,2025-04-03T18:47:53-07:00,0,8
resume\index.html,54,html,df03d70e,TyAlbao,2025-04-03,18:47:53,-07:00,2025-04-03T18:47:53-07:00,0,79
resume\index.html,55,html,5bf8b9ac,TyAlbao,2025-04-11,22:18:27,-07:00,2025-04-11T22:18:27-07:00,0,49
resume\index.html,56,html,5bf8b9ac,TyAlbao,2025-04-11,22:18:27,-07:00,2025-04-11T22:18:27-07:00,0,48
resume\index.html,57,html,df03d70e,TyAlbao,2025-04-03,18:47:53,-07:00,2025-04-03T18:47:53-07:00,0,2
resume\index.html,58,html,df03d70e,TyAlbao,2025-04-03,18:47:53,-07:00,2025-04-03T18:47:53-07:00,0,3
resume\index.html,59,html,df03d70e,TyAlbao,2025-04-03,18:47:53,-07:00,2025-04-03T18:47:53-07:00,0,41
resume\index.html,60,html,df03d70e,TyAlbao,2025-04-03,18:47:53,-07:00,2025-04-03T18:47:53-07:00,0,123
resume\index.html,61,html,df03d70e,TyAlbao,2025-04-03,18:47:53,-07:00,2025-04-03T18:47:53-07:00,0,62
resume\index.html,62,html,df03d70e,TyAlbao,2025-04-03,18:47:53,-07:00,2025-04-03T18:47:53-07:00,0,67
resume\index.html,63,html,df03d70e,TyAlbao,2025-04-03,18:47:53,-07:00,2025-04-03T18:47:53-07:00,0,57
resume\index.html,64,html,df03d70e,TyAlbao,2025-04-03,18:47:53,-07:00,2025-04-03T18:47:53-07:00,0,4
resume\index.html,65,html,df03d70e,TyAlbao,2025-04-03,18:47:53,-07:00,2025-04-03T18:47:53-07:00,0,3
resume\index.html,66,html,df03d70e,TyAlbao,2025-04-03,18:47:53,-07:00,2025-04-03T18:47:53-07:00,0,9
resume\index.html,67,html,df03d70e,TyAlbao,2025-04-03,18:47:53,-07:00,2025-04-03T18:47:53-07:00,0,9
resume\index.html,68,html,5bf8b9ac,TyAlbao,2025-04-11,22:18:27,-07:00,2025-04-11T22:18:27-07:00,0,3
resume\index.html,69,html,df03d70e,TyAlbao,2025-04-03,18:47:53,-07:00,2025-04-03T18:47:53-07:00,0,8
resume\index.html,70,html,df03d70e,TyAlbao,2025-04-03,18:47:53,-07:00,2025-04-03T18:47:53-07:00,0,17
resume\index.html,71,html,df03d70e,TyAlbao,2025-04-03,18:47:53,-07:00,2025-04-03T18:47:53-07:00,0,8
resume\index.html,72,html,df03d70e,TyAlbao,2025-04-03,18:47:53,-07:00,2025-04-03T18:47:53-07:00,0,82
resume\index.html,73,html,5bf8b9ac,TyAlbao,2025-04-11,22:18:27,-07:00,2025-04-11T22:18:27-07:00,0,50
resume\index.html,74,html,5bf8b9ac,TyAlbao,2025-04-11,22:18:27,-07:00,2025-04-11T22:18:27-07:00,0,40
resume\index.html,75,html,df03d70e,TyAlbao,2025-04-03,18:47:53,-07:00,2025-04-03T18:47:53-07:00,0,2
resume\index.html,76,html,df03d70e,TyAlbao,2025-04-03,18:47:53,-07:00,2025-04-03T18:47:53-07:00,0,3
resume\index.html,77,html,df03d70e,TyAlbao,2025-04-03,18:47:53,-07:00,2025-04-03T18:47:53-07:00,0,37
resume\index.html,78,html,df03d70e,TyAlbao,2025-04-03,18:47:53,-07:00,2025-04-03T18:47:53-07:00,0,35
resume\index.html,79,html,df03d70e,TyAlbao,2025-04-03,18:47:53,-07:00,2025-04-03T18:47:53-07:00,0,57
resume\index.html,80,html,df03d70e,TyAlbao,2025-04-03,18:47:53,-07:00,2025-04-03T18:47:53-07:00,0,56
resume\index.html,81,html,df03d70e,TyAlbao,2025-04-03,18:47:53,-07:00,2025-04-03T18:47:53-07:00,0,53
resume\index.html,82,html,df03d70e,TyAlbao,2025-04-03,18:47:53,-07:00,2025-04-03T18:47:53-07:00,0,4
resume\index.html,83,html,df03d70e,TyAlbao,2025-04-03,18:47:53,-07:00,2025-04-03T18:47:53-07:00,0,3
resume\index.html,84,html,df03d70e,TyAlbao,2025-04-03,18:47:53,-07:00,2025-04-03T18:47:53-07:00,0,9
resume\index.html,85,html,df03d70e,TyAlbao,2025-04-03,18:47:53,-07:00,2025-04-03T18:47:53-07:00,0,8
resume\index.html,86,html,df03d70e,TyAlbao,2025-04-03,18:47:53,-07:00,2025-04-03T18:47:53-07:00,0,72
resume\index.html,87,html,5bf8b9ac,TyAlbao,2025-04-11,22:18:27,-07:00,2025-04-11T22:18:27-07:00,0,47
resume\index.html,88,html,5bf8b9ac,TyAlbao,2025-04-11,22:18:27,-07:00,2025-04-11T22:18:27-07:00,0,53
resume\index.html,89,html,df03d70e,TyAlbao,2025-04-03,18:47:53,-07:00,2025-04-03T18:47:53-07:00,0,2
resume\index.html,90,html,df03d70e,TyAlbao,2025-04-03,18:47:53,-07:00,2025-04-03T18:47:53-07:00,0,3
resume\index.html,91,html,df03d70e,TyAlbao,2025-04-03,18:47:53,-07:00,2025-04-03T18:47:53-07:00,0,74
resume\index.html,92,html,df03d70e,TyAlbao,2025-04-03,18:47:53,-07:00,2025-04-03T18:47:53-07:00,0,62
resume\index.html,93,html,df03d70e,TyAlbao,2025-04-03,18:47:53,-07:00,2025-04-03T18:47:53-07:00,0,177
resume\index.html,94,html,df03d70e,TyAlbao,2025-04-03,18:47:53,-07:00,2025-04-03T18:47:53-07:00,0,96
resume\index.html,95,html,df03d70e,TyAlbao,2025-04-03,18:47:53,-07:00,2025-04-03T18:47:53-07:00,0,4
resume\index.html,96,html,df03d70e,TyAlbao,2025-04-03,18:47:53,-07:00,2025-04-03T18:47:53-07:00,0,3
resume\index.html,97,html,df03d70e,TyAlbao,2025-04-03,18:47:53,-07:00,2025-04-03T18:47:53-07:00,0,9
resume\index.html,98,html,df03d70e,TyAlbao,2025-04-03,18:47:53,-07:00,2025-04-03T18:47:53-07:00,0,9
resume\index.html,99,html,df03d70e,TyAlbao,2025-04-03,18:47:53,-07:00,2025-04-03T18:47:53-07:00,0,6
resume\index.html,100,html,df03d70e,TyAlbao,2025-04-03,18:47:53,-07:00,2025-04-03T18:47:53-07:00,0,6
projects\projects.js,1,js,62c25911,TyAlbao,2025-04-26,14:36:10,-07:00,2025-04-26T14:36:10-07:00,0,56
projects\projects.js,2,js,ac0dc1be,TyAlbao,2025-05-02,19:45:02,-07:00,2025-05-02T19:45:02-07:00,0,64
projects\projects.js,3,js,62c25911,TyAlbao,2025-04-26,14:36:10,-07:00,2025-04-26T14:36:10-07:00,0,0
projects\projects.js,4,js,ac0dc1be,TyAlbao,2025-05-02,19:45:02,-07:00,2025-05-02T19:45:02-07:00,0,40
projects\projects.js,5,js,ac0dc1be,TyAlbao,2025-05-02,19:45:02,-07:00,2025-05-02T19:45:02-07:00,0,64
projects\projects.js,6,js,62c25911,TyAlbao,2025-04-26,14:36:10,-07:00,2025-04-26T14:36:10-07:00,0,60
projects\projects.js,7,js,ac0dc1be,TyAlbao,2025-05-02,19:45:02,-07:00,2025-05-02T19:45:02-07:00,0,65
projects\projects.js,8,js,ac0dc1be,TyAlbao,2025-05-02,19:45:02,-07:00,2025-05-02T19:45:02-07:00,0,61
projects\projects.js,9,js,62c25911,TyAlbao,2025-04-26,14:36:10,-07:00,2025-04-26T14:36:10-07:00,0,0
projects\projects.js,10,js,ac0dc1be,TyAlbao,2025-05-02,19:45:02,-07:00,2025-05-02T19:45:02-07:00,0,42
projects\projects.js,11,js,ac0dc1be,TyAlbao,2025-05-02,19:45:02,-07:00,2025-05-02T19:45:02-07:00,0,22
projects\projects.js,12,js,62c25911,TyAlbao,2025-04-26,14:36:10,-07:00,2025-04-26T14:36:10-07:00,0,0
projects\projects.js,13,js,ac0dc1be,TyAlbao,2025-05-02,19:45:02,-07:00,2025-05-02T19:45:02-07:00,0,35
projects\projects.js,14,js,ac0dc1be,TyAlbao,2025-05-02,19:45:02,-07:00,2025-05-02T19:45:02-07:00,0,27
projects\projects.js,15,js,ac0dc1be,TyAlbao,2025-05-02,19:45:02,-07:00,2025-05-02T19:45:02-07:00,0,45
projects\projects.js,16,js,ac0dc1be,TyAlbao,2025-05-02,19:45:02,-07:00,2025-05-02T19:45:02-07:00,0,53
projects\projects.js,17,js,ac0dc1be,TyAlbao,2025-05-02,19:45:02,-07:00,2025-05-02T19:45:02-07:00,0,0
projects\projects.js,18,js,ac0dc1be,TyAlbao,2025-05-02,19:45:02,-07:00,2025-05-02T19:45:02-07:00,0,0
projects\projects.js,19,js,ac0dc1be,TyAlbao,2025-05-02,19:45:02,-07:00,2025-05-02T19:45:02-07:00,0,20
projects\projects.js,20,js,ac0dc1be,TyAlbao,2025-05-02,19:45:02,-07:00,2025-05-02T19:45:02-07:00,0,60
projects\projects.js,21,js,ac0dc1be,TyAlbao,2025-05-02,19:45:02,-07:00,2025-05-02T19:45:02-07:00,0,56
projects\projects.js,22,js,ac0dc1be,TyAlbao,2025-05-02,19:45:02,-07:00,2025-05-02T19:45:02-07:00,0,0
projects\projects.js,23,js,ac0dc1be,TyAlbao,2025-05-02,19:45:02,-07:00,2025-05-02T19:45:02-07:00,0,46
projects\projects.js,24,js,ac0dc1be,TyAlbao,2025-05-02,19:45:02,-07:00,2025-05-02T19:45:02-07:00,0,31
projects\projects.js,25,js,ac0dc1be,TyAlbao,2025-05-02,19:45:02,-07:00,2025-05-02T19:45:02-07:00,0,28
projects\projects.js,26,js,ac0dc1be,TyAlbao,2025-05-02,19:45:02,-07:00,2025-05-02T19:45:02-07:00,0,25
projects\projects.js,27,js,ac0dc1be,TyAlbao,2025-05-02,19:45:02,-07:00,2025-05-02T19:45:02-07:00,0,5
projects\projects.js,28,js,ac0dc1be,TyAlbao,2025-05-02,19:45:02,-07:00,2025-05-02T19:45:02-07:00,0,13
projects\projects.js,29,js,ac0dc1be,TyAlbao,2025-05-02,19:45:02,-07:00,2025-05-02T19:45:02-07:00,0,10
projects\projects.js,30,js,ac0dc1be,TyAlbao,2025-05-02,19:45:02,-07:00,2025-05-02T19:45:02-07:00,0,1
projects\projects.js,31,js,ac0dc1be,TyAlbao,2025-05-02,19:45:02,-07:00,2025-05-02T19:45:02-07:00,0,80
projects\projects.js,32,js,ac0dc1be,TyAlbao,2025-05-02,19:45:02,-07:00,2025-05-02T19:45:02-07:00,0,0
projects\projects.js,33,js,ac0dc1be,TyAlbao,2025-05-02,19:45:02,-07:00,2025-05-02T19:45:02-07:00,0,39
projects\projects.js,34,js,ac0dc1be,TyAlbao,2025-05-02,19:45:02,-07:00,2025-05-02T19:45:02-07:00,0,43
projects\projects.js,35,js,ac0dc1be,TyAlbao,2025-05-02,19:45:02,-07:00,2025-05-02T19:45:02-07:00,0,30
projects\projects.js,36,js,ac0dc1be,TyAlbao,2025-05-02,19:45:02,-07:00,2025-05-02T19:45:02-07:00,0,0
projects\projects.js,37,js,ac0dc1be,TyAlbao,2025-05-02,19:45:02,-07:00,2025-05-02T19:45:02-07:00,0,40
projects\projects.js,38,js,ac0dc1be,TyAlbao,2025-05-02,19:45:02,-07:00,2025-05-02T19:45:02-07:00,0,28
projects\projects.js,39,js,ac0dc1be,TyAlbao,2025-05-02,19:45:02,-07:00,2025-05-02T19:45:02-07:00,0,66
projects\projects.js,40,js,ac0dc1be,TyAlbao,2025-05-02,19:45:02,-07:00,2025-05-02T19:45:02-07:00,0,17
projects\projects.js,41,js,ac0dc1be,TyAlbao,2025-05-02,19:45:02,-07:00,2025-05-02T19:45:02-07:00,0,67
projects\projects.js,42,js,ac0dc1be,TyAlbao,2025-05-02,19:45:02,-07:00,2025-05-02T19:45:02-07:00,0,27
projects\projects.js,43,js,ac0dc1be,TyAlbao,2025-05-02,19:45:02,-07:00,2025-05-02T19:45:02-07:00,0,40
projects\projects.js,44,js,ac0dc1be,TyAlbao,2025-05-02,19:45:02,-07:00,2025-05-02T19:45:02-07:00,0,26
projects\projects.js,45,js,ac0dc1be,TyAlbao,2025-05-02,19:45:02,-07:00,2025-05-02T19:45:02-07:00,0,19
projects\projects.js,46,js,ac0dc1be,TyAlbao,2025-05-02,19:45:02,-07:00,2025-05-02T19:45:02-07:00,0,18
projects\projects.js,47,js,ac0dc1be,TyAlbao,2025-05-02,19:45:02,-07:00,2025-05-02T19:45:02-07:00,0,46
projects\projects.js,48,js,ac0dc1be,TyAlbao,2025-05-02,19:45:02,-07:00,2025-05-02T19:45:02-07:00,0,33
projects\projects.js,49,js,ac0dc1be,TyAlbao,2025-05-02,19:45:02,-07:00,2025-05-02T19:45:02-07:00,0,76
projects\projects.js,50,js,ac0dc1be,TyAlbao,2025-05-02,19:45:02,-07:00,2025-05-02T19:45:02-07:00,0,91
projects\projects.js,51,js,ac0dc1be,TyAlbao,2025-05-02,19:45:02,-07:00,2025-05-02T19:45:02-07:00,0,45
projects\projects.js,52,js,ac0dc1be,TyAlbao,2025-05-02,19:45:02,-07:00,2025-05-02T19:45:02-07:00,0,26
projects\projects.js,53,js,ac0dc1be,TyAlbao,2025-05-02,19:45:02,-07:00,2025-05-02T19:45:02-07:00,0,20
projects\projects.js,54,js,ac0dc1be,TyAlbao,2025-05-02,19:45:02,-07:00,2025-05-02T19:45:02-07:00,0,7
projects\projects.js,55,js,ac0dc1be,TyAlbao,2025-05-02,19:45:02,-07:00,2025-05-02T19:45:02-07:00,0,51
projects\projects.js,56,js,ac0dc1be,TyAlbao,2025-05-02,19:45:02,-07:00,2025-05-02T19:45:02-07:00,0,62
projects\projects.js,57,js,ac0dc1be,TyAlbao,2025-05-02,19:45:02,-07:00,2025-05-02T19:45:02-07:00,0,20
projects\projects.js,58,js,ac0dc1be,TyAlbao,2025-05-02,19:45:02,-07:00,2025-05-02T19:45:02-07:00,0,0
projects\projects.js,59,js,ac0dc1be,TyAlbao,2025-05-02,19:45:02,-07:00,2025-05-02T19:45:02-07:00,0,2
projects\projects.js,60,js,ac0dc1be,TyAlbao,2025-05-02,19:45:02,-07:00,2025-05-02T19:45:02-07:00,0,2
projects\projects.js,61,js,ac0dc1be,TyAlbao,2025-05-02,19:45:02,-07:00,2025-05-02T19:45:02-07:00,0,0
projects\projects.js,62,js,ac0dc1be,TyAlbao,2025-05-02,19:45:02,-07:00,2025-05-02T19:45:02-07:00,0,24
projects\projects.js,63,js,ac0dc1be,TyAlbao,2025-05-02,19:45:02,-07:00,2025-05-02T19:45:02-07:00,0,35
projects\projects.js,64,js,ac0dc1be,TyAlbao,2025-05-02,19:45:02,-07:00,2025-05-02T19:45:02-07:00,0,31
projects\projects.js,65,js,ac0dc1be,TyAlbao,2025-05-02,19:45:02,-07:00,2025-05-02T19:45:02-07:00,0,28
projects\projects.js,66,js,ac0dc1be,TyAlbao,2025-05-02,19:45:02,-07:00,2025-05-02T19:45:02-07:00,0,18
projects\projects.js,67,js,ac0dc1be,TyAlbao,2025-05-02,19:45:02,-07:00,2025-05-02T19:45:02-07:00,0,28
projects\projects.js,68,js,ac0dc1be,TyAlbao,2025-05-02,19:45:02,-07:00,2025-05-02T19:45:02-07:00,0,40
projects\projects.js,69,js,ac0dc1be,TyAlbao,2025-05-02,19:45:02,-07:00,2025-05-02T19:45:02-07:00,0,42
projects\projects.js,70,js,ac0dc1be,TyAlbao,2025-05-02,19:45:02,-07:00,2025-05-02T19:45:02-07:00,0,69
projects\projects.js,71,js,ac0dc1be,TyAlbao,2025-05-02,19:45:02,-07:00,2025-05-02T19:45:02-07:00,0,26
projects\projects.js,72,js,ac0dc1be,TyAlbao,2025-05-02,19:45:02,-07:00,2025-05-02T19:45:02-07:00,0,19
projects\projects.js,73,js,ac0dc1be,TyAlbao,2025-05-02,19:45:02,-07:00,2025-05-02T19:45:02-07:00,0,18
projects\projects.js,74,js,ac0dc1be,TyAlbao,2025-05-02,19:45:02,-07:00,2025-05-02T19:45:02-07:00,0,46
projects\projects.js,75,js,ac0dc1be,TyAlbao,2025-05-02,19:45:02,-07:00,2025-05-02T19:45:02-07:00,0,33
projects\projects.js,76,js,ac0dc1be,TyAlbao,2025-05-02,19:45:02,-07:00,2025-05-02T19:45:02-07:00,0,76
projects\projects.js,77,js,ac0dc1be,TyAlbao,2025-05-02,19:45:02,-07:00,2025-05-02T19:45:02-07:00,0,77
projects\projects.js,78,js,ac0dc1be,TyAlbao,2025-05-02,19:45:02,-07:00,2025-05-02T19:45:02-07:00,0,45
projects\projects.js,79,js,ac0dc1be,TyAlbao,2025-05-02,19:45:02,-07:00,2025-05-02T19:45:02-07:00,0,26
projects\projects.js,80,js,ac0dc1be,TyAlbao,2025-05-02,19:45:02,-07:00,2025-05-02T19:45:02-07:00,0,20
projects\projects.js,81,js,ac0dc1be,TyAlbao,2025-05-02,19:45:02,-07:00,2025-05-02T19:45:02-07:00,0,7
projects\projects.js,82,js,ac0dc1be,TyAlbao,2025-05-02,19:45:02,-07:00,2025-05-02T19:45:02-07:00,0,51
projects\projects.js,83,js,ac0dc1be,TyAlbao,2025-05-02,19:45:02,-07:00,2025-05-02T19:45:02-07:00,0,62
projects\projects.js,84,js,ac0dc1be,TyAlbao,2025-05-02,19:45:02,-07:00,2025-05-02T19:45:02-07:00,0,20
projects\projects.js,85,js,ac0dc1be,TyAlbao,2025-05-02,19:45:02,-07:00,2025-05-02T19:45:02-07:00,0,0
projects\projects.js,86,js,ac0dc1be,TyAlbao,2025-05-02,19:45:02,-07:00,2025-05-02T19:45:02-07:00,0,2
projects\projects.js,87,js,ac0dc1be,TyAlbao,2025-05-02,19:45:02,-07:00,2025-05-02T19:45:02-07:00,0,2
projects\projects.js,88,js,ac0dc1be,TyAlbao,2025-05-02,19:45:02,-07:00,2025-05-02T19:45:02-07:00,0,0
projects\projects.js,89,js,ac0dc1be,TyAlbao,2025-05-02,19:45:02,-07:00,2025-05-02T19:45:02-07:00,0,0
projects\projects.js,90,js,ac0dc1be,TyAlbao,2025-05-02,19:45:02,-07:00,2025-05-02T19:45:02-07:00,0,29
projects\projects.js,91,js,ac0dc1be,TyAlbao,2025-05-02,19:45:02,-07:00,2025-05-02T19:45:02-07:00,0,20
projects\projects.js,92,js,ac0dc1be,TyAlbao,2025-05-02,19:45:02,-07:00,2025-05-02T19:45:02-07:00,0,24
projects\projects.js,93,js,ac0dc1be,TyAlbao,2025-05-02,19:45:02,-07:00,2025-05-02T19:45:02-07:00,0,0
projects\projects.js,94,js,ac0dc1be,TyAlbao,2025-05-02,19:45:02,-07:00,2025-05-02T19:45:02-07:00,0,48
projects\projects.js,95,js,ac0dc1be,TyAlbao,2025-05-02,19:45:02,-07:00,2025-05-02T19:45:02-07:00,0,17
projects\projects.js,96,js,ac0dc1be,TyAlbao,2025-05-02,19:45:02,-07:00,2025-05-02T19:45:02-07:00,0,45
projects\projects.js,97,js,ac0dc1be,TyAlbao,2025-05-02,19:45:02,-07:00,2025-05-02T19:45:02-07:00,0,42
projects\projects.js,98,js,ac0dc1be,TyAlbao,2025-05-02,19:45:02,-07:00,2025-05-02T19:45:02-07:00,0,39
projects\projects.js,99,js,ac0dc1be,TyAlbao,2025-05-02,19:45:02,-07:00,2025-05-02T19:45:02-07:00,0,58
projects\projects.js,100,js,ac0dc1be,TyAlbao,2025-05-02,19:45:02,-07:00,2025-05-02T19:45:02-07:00,0,1
projects\projects.js,101,js,ac0dc1be,TyAlbao,2025-05-02,19:45:02,-07:00,2025-05-02T19:45:02-07:00,0,57
projects\projects.js,102,js,ac0dc1be,TyAlbao,2025-05-02,19:45:02,-07:00,2025-05-02T19:45:02-07:00,0,20
projects\projects.js,103,js,ac0dc1be,TyAlbao,2025-05-02,19:45:02,-07:00,2025-05-02T19:45:02-07:00,0,24
projects\projects.js,104,js,ac0dc1be,TyAlbao,2025-05-02,19:45:02,-07:00,2025-05-02T19:45:02-07:00,0,2
projects\projects.js,105,js,ac0dc1be,TyAlbao,2025-05-02,19:45:02,-07:00,2025-05-02T19:45:02-07:00,0,0
projects\index.html,1,html,513d496a,TyAlbao,2025-04-03,00:44:20,-07:00,2025-04-03T00:44:20-07:00,0,14
projects\index.html,2,html,513d496a,TyAlbao,2025-04-03,00:44:20,-07:00,2025-04-03T00:44:20-07:00,0,15
projects\index.html,3,html,513d496a,TyAlbao,2025-04-03,00:44:20,-07:00,2025-04-03T00:44:20-07:00,0,5
projects\index.html,4,html,513d496a,TyAlbao,2025-04-03,00:44:20,-07:00,2025-04-03T00:44:20-07:00,0,21
projects\index.html,5,html,513d496a,TyAlbao,2025-04-03,00:44:20,-07:00,2025-04-03T00:44:20-07:00,0,69
projects\index.html,6,html,513d496a,TyAlbao,2025-04-03,00:44:20,-07:00,2025-04-03T00:44:20-07:00,0,22
projects\index.html,7,html,513d496a,TyAlbao,2025-04-03,00:44:20,-07:00,2025-04-03T00:44:20-07:00,0,46
projects\index.html,8,html,1200538b,TyAlbao,2025-04-18,22:24:26,-07:00,2025-04-18T22:24:26-07:00,0,53
projects\index.html,9,html,62c25911,TyAlbao,2025-04-26,14:36:10,-07:00,2025-04-26T14:36:10-07:00,0,52
projects\index.html,10,html,513d496a,TyAlbao,2025-04-03,00:44:20,-07:00,2025-04-03T00:44:20-07:00,0,6
projects\index.html,11,html,513d496a,TyAlbao,2025-04-03,00:44:20,-07:00,2025-04-03T00:44:20-07:00,0,5
projects\index.html,12,html,1200538b,TyAlbao,2025-04-18,22:24:26,-07:00,2025-04-18T22:24:26-07:00,0,9
projects\index.html,13,html,513d496a,TyAlbao,2025-04-03,00:44:20,-07:00,2025-04-03T00:44:20-07:00,0,3
projects\index.html,14,html,513d496a,TyAlbao,2025-04-03,00:44:20,-07:00,2025-04-03T00:44:20-07:00,0,42
projects\index.html,15,html,1200538b,TyAlbao,2025-04-18,22:24:26,-07:00,2025-04-18T22:24:26-07:00,0,43
projects\index.html,16,html,513d496a,TyAlbao,2025-04-03,00:44:20,-07:00,2025-04-03T00:44:20-07:00,0,53
projects\index.html,17,html,513d496a,TyAlbao,2025-04-03,00:44:20,-07:00,2025-04-03T00:44:20-07:00,0,83
projects\index.html,18,html,df03d70e,TyAlbao,2025-04-03,18:47:53,-07:00,2025-04-03T18:47:53-07:00,0,51
projects\index.html,19,html,513d496a,TyAlbao,2025-04-03,00:44:20,-07:00,2025-04-03T00:44:20-07:00,0,4
projects\index.html,20,html,1200538b,TyAlbao,2025-04-18,22:24:26,-07:00,2025-04-18T22:24:26-07:00,0,9
projects\index.html,21,html,62c25911,TyAlbao,2025-04-26,14:36:10,-07:00,2025-04-26T14:36:10-07:00,0,29
projects\index.html,22,html,ac0dc1be,TyAlbao,2025-05-02,19:45:02,-07:00,2025-05-02T19:45:02-07:00,0,22
projects\index.html,23,html,ac0dc1be,TyAlbao,2025-05-02,19:45:02,-07:00,2025-05-02T19:45:02-07:00,0,59
projects\index.html,24,html,ac0dc1be,TyAlbao,2025-05-02,19:45:02,-07:00,2025-05-02T19:45:02-07:00,0,23
projects\index.html,25,html,ac0dc1be,TyAlbao,2025-05-02,19:45:02,-07:00,2025-05-02T19:45:02-07:00,0,5
projects\index.html,26,html,ac0dc1be,TyAlbao,2025-05-02,19:45:02,-07:00,2025-05-02T19:45:02-07:00,0,5
projects\index.html,27,html,ac0dc1be,TyAlbao,2025-05-02,19:45:02,-07:00,2025-05-02T19:45:02-07:00,0,16
projects\index.html,28,html,ac0dc1be,TyAlbao,2025-05-02,19:45:02,-07:00,2025-05-02T19:45:02-07:00,0,12
projects\index.html,29,html,ac0dc1be,TyAlbao,2025-05-02,19:45:02,-07:00,2025-05-02T19:45:02-07:00,0,27
projects\index.html,30,html,ac0dc1be,TyAlbao,2025-05-02,19:45:02,-07:00,2025-05-02T19:45:02-07:00,0,32
projects\index.html,31,html,ac0dc1be,TyAlbao,2025-05-02,19:45:02,-07:00,2025-05-02T19:45:02-07:00,0,1
projects\index.html,32,html,62c25911,TyAlbao,2025-04-26,14:36:10,-07:00,2025-04-26T14:36:10-07:00,0,27
projects\index.html,33,html,513d496a,TyAlbao,2025-04-03,00:44:20,-07:00,2025-04-03T00:44:20-07:00,0,6
projects\index.html,34,html,513d496a,TyAlbao,2025-04-03,00:44:20,-07:00,2025-04-03T00:44:20-07:00,0,6
project2\index.html,1,html,8a888fc1,TyAlbao,2025-04-28,23:19:54,-07:00,2025-04-28T23:19:54-07:00,0,14
project2\index.html,2,html,8a888fc1,TyAlbao,2025-04-28,23:19:54,-07:00,2025-04-28T23:19:54-07:00,0,15
project2\index.html,3,html,8a888fc1,TyAlbao,2025-04-28,23:19:54,-07:00,2025-04-28T23:19:54-07:00,0,5
project2\index.html,4,html,8a888fc1,TyAlbao,2025-04-28,23:19:54,-07:00,2025-04-28T23:19:54-07:00,0,30
project2\index.html,5,html,8a888fc1,TyAlbao,2025-04-28,23:19:54,-07:00,2025-04-28T23:19:54-07:00,0,6
project2\index.html,6,html,8a888fc1,TyAlbao,2025-04-28,23:19:54,-07:00,2025-04-28T23:19:54-07:00,0,6
project2\index.html,7,html,8a888fc1,TyAlbao,2025-04-28,23:19:54,-07:00,2025-04-28T23:19:54-07:00,0,36
project2\index.html,8,html,8a888fc1,TyAlbao,2025-04-28,23:19:54,-07:00,2025-04-28T23:19:54-07:00,0,36
project2\index.html,9,html,8a888fc1,TyAlbao,2025-04-28,23:19:54,-07:00,2025-04-28T23:19:54-07:00,0,36
project2\index.html,10,html,8a888fc1,TyAlbao,2025-04-28,23:19:54,-07:00,2025-04-28T23:19:54-07:00,0,36
project2\index.html,11,html,8a888fc1,TyAlbao,2025-04-28,23:19:54,-07:00,2025-04-28T23:19:54-07:00,0,36
project2\index.html,12,html,8a888fc1,TyAlbao,2025-04-28,23:19:54,-07:00,2025-04-28T23:19:54-07:00,0,36
project2\index.html,13,html,8a888fc1,TyAlbao,2025-04-28,23:19:54,-07:00,2025-04-28T23:19:54-07:00,0,36
project2\index.html,14,html,8a888fc1,TyAlbao,2025-04-28,23:19:54,-07:00,2025-04-28T23:19:54-07:00,0,36
project2\index.html,15,html,8a888fc1,TyAlbao,2025-04-28,23:19:54,-07:00,2025-04-28T23:19:54-07:00,0,36
project2\index.html,16,html,8a888fc1,TyAlbao,2025-04-28,23:19:54,-07:00,2025-04-28T23:19:54-07:00,0,36
project2\index.html,17,html,8a888fc1,TyAlbao,2025-04-28,23:19:54,-07:00,2025-04-28T23:19:54-07:00,0,0
project2\index.html,18,html,8a888fc1,TyAlbao,2025-04-28,23:19:54,-07:00,2025-04-28T23:19:54-07:00,0,0
project2\index.html,19,html,8a888fc1,TyAlbao,2025-04-28,23:19:54,-07:00,2025-04-28T23:19:54-07:00,0,5
project2\index.html,20,html,8a888fc1,TyAlbao,2025-04-28,23:19:54,-07:00,2025-04-28T23:19:54-07:00,0,24
project2\index.html,21,html,8a888fc1,TyAlbao,2025-04-28,23:19:54,-07:00,2025-04-28T23:19:54-07:00,0,21
project2\index.html,22,html,8a888fc1,TyAlbao,2025-04-28,23:19:54,-07:00,2025-04-28T23:19:54-07:00,0,35
project2\index.html,23,html,8a888fc1,TyAlbao,2025-04-28,23:19:54,-07:00,2025-04-28T23:19:54-07:00,0,26
project2\index.html,24,html,8a888fc1,TyAlbao,2025-04-28,23:19:54,-07:00,2025-04-28T23:19:54-07:00,0,14
project2\index.html,25,html,8a888fc1,TyAlbao,2025-04-28,23:19:54,-07:00,2025-04-28T23:19:54-07:00,0,0
project2\index.html,26,html,8a888fc1,TyAlbao,2025-04-28,23:19:54,-07:00,2025-04-28T23:19:54-07:00,0,0
project2\index.html,27,html,8a888fc1,TyAlbao,2025-04-28,23:19:54,-07:00,2025-04-28T23:19:54-07:00,0,13
project2\index.html,28,html,8a888fc1,TyAlbao,2025-04-28,23:19:54,-07:00,2025-04-28T23:19:54-07:00,0,0
project2\index.html,29,html,8a888fc1,TyAlbao,2025-04-28,23:19:54,-07:00,2025-04-28T23:19:54-07:00,0,2
project2\index.html,30,html,8a888fc1,TyAlbao,2025-04-28,23:19:54,-07:00,2025-04-28T23:19:54-07:00,0,2
project2\index.html,31,html,8a888fc1,TyAlbao,2025-04-28,23:19:54,-07:00,2025-04-28T23:19:54-07:00,0,2
project2\index.html,32,html,8a888fc1,TyAlbao,2025-04-28,23:19:54,-07:00,2025-04-28T23:19:54-07:00,0,2
project2\index.html,33,html,8a888fc1,TyAlbao,2025-04-28,23:19:54,-07:00,2025-04-28T23:19:54-07:00,0,2
project2\index.html,34,html,8a888fc1,TyAlbao,2025-04-28,23:19:54,-07:00,2025-04-28T23:19:54-07:00,0,3
project2\index.html,35,html,8a888fc1,TyAlbao,2025-04-28,23:19:54,-07:00,2025-04-28T23:19:54-07:00,0,16
project2\index.html,36,html,8a888fc1,TyAlbao,2025-04-28,23:19:54,-07:00,2025-04-28T23:19:54-07:00,0,16
project2\index.html,37,html,8a888fc1,TyAlbao,2025-04-28,23:19:54,-07:00,2025-04-28T23:19:54-07:00,0,18
project2\index.html,38,html,8a888fc1,TyAlbao,2025-04-28,23:19:54,-07:00,2025-04-28T23:19:54-07:00,0,0
project2\index.html,39,html,8a888fc1,TyAlbao,2025-04-28,23:19:54,-07:00,2025-04-28T23:19:54-07:00,0,0
project2\index.html,40,html,8a888fc1,TyAlbao,2025-04-28,23:19:54,-07:00,2025-04-28T23:19:54-07:00,0,2
project2\index.html,41,html,8a888fc1,TyAlbao,2025-04-28,23:19:54,-07:00,2025-04-28T23:19:54-07:00,0,3
project2\index.html,42,html,8a888fc1,TyAlbao,2025-04-28,23:19:54,-07:00,2025-04-28T23:19:54-07:00,0,48
project2\index.html,43,html,8a888fc1,TyAlbao,2025-04-28,23:19:54,-07:00,2025-04-28T23:19:54-07:00,0,21
project2\index.html,44,html,8a888fc1,TyAlbao,2025-04-28,23:19:54,-07:00,2025-04-28T23:19:54-07:00,0,0
project2\index.html,45,html,8a888fc1,TyAlbao,2025-04-28,23:19:54,-07:00,2025-04-28T23:19:54-07:00,0,0
project2\index.html,46,html,8a888fc1,TyAlbao,2025-04-28,23:19:54,-07:00,2025-04-28T23:19:54-07:00,0,3
project2\index.html,47,html,8a888fc1,TyAlbao,2025-04-28,23:19:54,-07:00,2025-04-28T23:19:54-07:00,0,24
project2\index.html,48,html,8a888fc1,TyAlbao,2025-04-28,23:19:54,-07:00,2025-04-28T23:19:54-07:00,0,49
project2\index.html,49,html,8a888fc1,TyAlbao,2025-04-28,23:19:54,-07:00,2025-04-28T23:19:54-07:00,0,16
project2\index.html,50,html,8a888fc1,TyAlbao,2025-04-28,23:19:54,-07:00,2025-04-28T23:19:54-07:00,0,0
project2\index.html,51,html,8a888fc1,TyAlbao,2025-04-28,23:19:54,-07:00,2025-04-28T23:19:54-07:00,0,6
project2\index.html,52,html,8a888fc1,TyAlbao,2025-04-28,23:19:54,-07:00,2025-04-28T23:19:54-07:00,0,14
project2\index.html,53,html,8a888fc1,TyAlbao,2025-04-28,23:19:54,-07:00,2025-04-28T23:19:54-07:00,0,18
project2\index.html,54,html,8a888fc1,TyAlbao,2025-04-28,23:19:54,-07:00,2025-04-28T23:19:54-07:00,0,20
project2\index.html,55,html,8a888fc1,TyAlbao,2025-04-28,23:19:54,-07:00,2025-04-28T23:19:54-07:00,0,19
project2\index.html,56,html,8a888fc1,TyAlbao,2025-04-28,23:19:54,-07:00,2025-04-28T23:19:54-07:00,0,12
project2\index.html,57,html,8a888fc1,TyAlbao,2025-04-28,23:19:54,-07:00,2025-04-28T23:19:54-07:00,0,35
project2\index.html,58,html,8a888fc1,TyAlbao,2025-04-28,23:19:54,-07:00,2025-04-28T23:19:54-07:00,0,14
project2\index.html,59,html,8a888fc1,TyAlbao,2025-04-28,23:19:54,-07:00,2025-04-28T23:19:54-07:00,0,25
project2\index.html,60,html,8a888fc1,TyAlbao,2025-04-28,23:19:54,-07:00,2025-04-28T23:19:54-07:00,0,19
project2\index.html,61,html,8a888fc1,TyAlbao,2025-04-28,23:19:54,-07:00,2025-04-28T23:19:54-07:00,0,0
project2\index.html,62,html,8a888fc1,TyAlbao,2025-04-28,23:19:54,-07:00,2025-04-28T23:19:54-07:00,0,0
project2\index.html,63,html,8a888fc1,TyAlbao,2025-04-28,23:19:54,-07:00,2025-04-28T23:19:54-07:00,0,0
project2\index.html,64,html,8a888fc1,TyAlbao,2025-04-28,23:19:54,-07:00,2025-04-28T23:19:54-07:00,0,3
project2\index.html,65,html,8a888fc1,TyAlbao,2025-04-28,23:19:54,-07:00,2025-04-28T23:19:54-07:00,0,15
project2\index.html,66,html,8a888fc1,TyAlbao,2025-04-28,23:19:54,-07:00,2025-04-28T23:19:54-07:00,0,30
project2\index.html,67,html,8a888fc1,TyAlbao,2025-04-28,23:19:54,-07:00,2025-04-28T23:19:54-07:00,0,0
project2\index.html,68,html,8a888fc1,TyAlbao,2025-04-28,23:19:54,-07:00,2025-04-28T23:19:54-07:00,0,0
project2\index.html,69,html,8a888fc1,TyAlbao,2025-04-28,23:19:54,-07:00,2025-04-28T23:19:54-07:00,0,3
project2\index.html,70,html,8a888fc1,TyAlbao,2025-04-28,23:19:54,-07:00,2025-04-28T23:19:54-07:00,0,15
project2\index.html,71,html,8a888fc1,TyAlbao,2025-04-28,23:19:54,-07:00,2025-04-28T23:19:54-07:00,0,0
project2\index.html,72,html,8a888fc1,TyAlbao,2025-04-28,23:19:54,-07:00,2025-04-28T23:19:54-07:00,0,0
project2\index.html,73,html,8a888fc1,TyAlbao,2025-04-28,23:19:54,-07:00,2025-04-28T23:19:54-07:00,0,10
project2\index.html,74,html,8a888fc1,TyAlbao,2025-04-28,23:19:54,-07:00,2025-04-28T23:19:54-07:00,0,0
project2\index.html,75,html,8a888fc1,TyAlbao,2025-04-28,23:19:54,-07:00,2025-04-28T23:19:54-07:00,0,2
project2\index.html,76,html,8a888fc1,TyAlbao,2025-04-28,23:19:54,-07:00,2025-04-28T23:19:54-07:00,0,3
project2\index.html,77,html,8a888fc1,TyAlbao,2025-04-28,23:19:54,-07:00,2025-04-28T23:19:54-07:00,0,25
project2\index.html,78,html,8a888fc1,TyAlbao,2025-04-28,23:19:54,-07:00,2025-04-28T23:19:54-07:00,0,0
project2\index.html,79,html,8a888fc1,TyAlbao,2025-04-28,23:19:54,-07:00,2025-04-28T23:19:54-07:00,0,0
project2\index.html,80,html,8a888fc1,TyAlbao,2025-04-28,23:19:54,-07:00,2025-04-28T23:19:54-07:00,0,3
project2\index.html,81,html,8a888fc1,TyAlbao,2025-04-28,23:19:54,-07:00,2025-04-28T23:19:54-07:00,0,10
project2\index.html,82,html,8a888fc1,TyAlbao,2025-04-28,23:19:54,-07:00,2025-04-28T23:19:54-07:00,0,30
project2\index.html,83,html,8a888fc1,TyAlbao,2025-04-28,23:19:54,-07:00,2025-04-28T23:19:54-07:00,0,0
project2\index.html,84,html,8a888fc1,TyAlbao,2025-04-28,23:19:54,-07:00,2025-04-28T23:19:54-07:00,0,0
project2\index.html,85,html,8a888fc1,TyAlbao,2025-04-28,23:19:54,-07:00,2025-04-28T23:19:54-07:00,0,5
project2\index.html,86,html,8a888fc1,TyAlbao,2025-04-28,23:19:54,-07:00,2025-04-28T23:19:54-07:00,0,17
project2\index.html,87,html,8a888fc1,TyAlbao,2025-04-28,23:19:54,-07:00,2025-04-28T23:19:54-07:00,0,0
project2\index.html,88,html,8a888fc1,TyAlbao,2025-04-28,23:19:54,-07:00,2025-04-28T23:19:54-07:00,0,0
project2\index.html,89,html,8a888fc1,TyAlbao,2025-04-28,23:19:54,-07:00,2025-04-28T23:19:54-07:00,0,0
project2\index.html,90,html,8a888fc1,TyAlbao,2025-04-28,23:19:54,-07:00,2025-04-28T23:19:54-07:00,0,24
project2\index.html,91,html,8a888fc1,TyAlbao,2025-04-28,23:19:54,-07:00,2025-04-28T23:19:54-07:00,0,0
project2\index.html,92,html,8a888fc1,TyAlbao,2025-04-28,23:19:54,-07:00,2025-04-28T23:19:54-07:00,0,7
project2\index.html,93,html,8a888fc1,TyAlbao,2025-04-28,23:19:54,-07:00,2025-04-28T23:19:54-07:00,0,18
project2\index.html,94,html,8a888fc1,TyAlbao,2025-04-28,23:19:54,-07:00,2025-04-28T23:19:54-07:00,0,18
project2\index.html,95,html,8a888fc1,TyAlbao,2025-04-28,23:19:54,-07:00,2025-04-28T23:19:54-07:00,0,0
project2\index.html,96,html,8a888fc1,TyAlbao,2025-04-28,23:19:54,-07:00,2025-04-28T23:19:54-07:00,0,0
project2\index.html,97,html,8a888fc1,TyAlbao,2025-04-28,23:19:54,-07:00,2025-04-28T23:19:54-07:00,0,5
project2\index.html,98,html,8a888fc1,TyAlbao,2025-04-28,23:19:54,-07:00,2025-04-28T23:19:54-07:00,0,17
project2\index.html,99,html,8a888fc1,TyAlbao,2025-04-28,23:19:54,-07:00,2025-04-28T23:19:54-07:00,0,30
project2\index.html,100,html,8a888fc1,TyAlbao,2025-04-28,23:19:54,-07:00,2025-04-28T23:19:54-07:00,0,19
project2\index.html,101,html,8a888fc1,TyAlbao,2025-04-28,23:19:54,-07:00,2025-04-28T23:19:54-07:00,0,20
project2\index.html,102,html,8a888fc1,TyAlbao,2025-04-28,23:19:54,-07:00,2025-04-28T23:19:54-07:00,0,0
project2\index.html,103,html,8a888fc1,TyAlbao,2025-04-28,23:19:54,-07:00,2025-04-28T23:19:54-07:00,0,0
project2\index.html,104,html,8a888fc1,TyAlbao,2025-04-28,23:19:54,-07:00,2025-04-28T23:19:54-07:00,0,12
project2\index.html,105,html,8a888fc1,TyAlbao,2025-04-28,23:19:54,-07:00,2025-04-28T23:19:54-07:00,0,0
project2\index.html,106,html,8a888fc1,TyAlbao,2025-04-28,23:19:54,-07:00,2025-04-28T23:19:54-07:00,0,7
project2\index.html,107,html,8a888fc1,TyAlbao,2025-04-28,23:19:54,-07:00,2025-04-28T23:19:54-07:00,0,13
project2\index.html,108,html,8a888fc1,TyAlbao,2025-04-28,23:19:54,-07:00,2025-04-28T23:19:54-07:00,0,15
project2\index.html,109,html,8a888fc1,TyAlbao,2025-04-28,23:19:54,-07:00,2025-04-28T23:19:54-07:00,0,21
project2\index.html,110,html,8a888fc1,TyAlbao,2025-04-28,23:19:54,-07:00,2025-04-28T23:19:54-07:00,0,41
project2\index.html,111,html,8a888fc1,TyAlbao,2025-04-28,23:19:54,-07:00,2025-04-28T23:19:54-07:00,0,49
project2\index.html,112,html,8a888fc1,TyAlbao,2025-04-28,23:19:54,-07:00,2025-04-28T23:19:54-07:00,0,18
project2\index.html,113,html,8a888fc1,TyAlbao,2025-04-28,23:19:54,-07:00,2025-04-28T23:19:54-07:00,0,17
project2\index.html,114,html,8a888fc1,TyAlbao,2025-04-28,23:19:54,-07:00,2025-04-28T23:19:54-07:00,0,0
project2\index.html,115,html,8a888fc1,TyAlbao,2025-04-28,23:19:54,-07:00,2025-04-28T23:19:54-07:00,0,13
project2\index.html,116,html,8a888fc1,TyAlbao,2025-04-28,23:19:54,-07:00,2025-04-28T23:19:54-07:00,0,30
project2\index.html,117,html,8a888fc1,TyAlbao,2025-04-28,23:19:54,-07:00,2025-04-28T23:19:54-07:00,0,35
project2\index.html,118,html,8a888fc1,TyAlbao,2025-04-28,23:19:54,-07:00,2025-04-28T23:19:54-07:00,0,15
project2\index.html,119,html,8a888fc1,TyAlbao,2025-04-28,23:19:54,-07:00,2025-04-28T23:19:54-07:00,0,15
project2\index.html,120,html,8a888fc1,TyAlbao,2025-04-28,23:19:54,-07:00,2025-04-28T23:19:54-07:00,0,18
project2\index.html,121,html,8a888fc1,TyAlbao,2025-04-28,23:19:54,-07:00,2025-04-28T23:19:54-07:00,0,25
project2\index.html,122,html,8a888fc1,TyAlbao,2025-04-28,23:19:54,-07:00,2025-04-28T23:19:54-07:00,0,16
project2\index.html,123,html,8a888fc1,TyAlbao,2025-04-28,23:19:54,-07:00,2025-04-28T23:19:54-07:00,0,0
project2\index.html,124,html,8a888fc1,TyAlbao,2025-04-28,23:19:54,-07:00,2025-04-28T23:19:54-07:00,0,10
project2\index.html,125,html,8a888fc1,TyAlbao,2025-04-28,23:19:54,-07:00,2025-04-28T23:19:54-07:00,0,39
project2\index.html,126,html,8a888fc1,TyAlbao,2025-04-28,23:19:54,-07:00,2025-04-28T23:19:54-07:00,0,17
project2\index.html,127,html,8a888fc1,TyAlbao,2025-04-28,23:19:54,-07:00,2025-04-28T23:19:54-07:00,0,30
project2\index.html,128,html,8a888fc1,TyAlbao,2025-04-28,23:19:54,-07:00,2025-04-28T23:19:54-07:00,0,0
project2\index.html,129,html,8a888fc1,TyAlbao,2025-04-28,23:19:54,-07:00,2025-04-28T23:19:54-07:00,0,0
project2\index.html,130,html,8a888fc1,TyAlbao,2025-04-28,23:19:54,-07:00,2025-04-28T23:19:54-07:00,0,31
project2\index.html,131,html,8a888fc1,TyAlbao,2025-04-28,23:19:54,-07:00,2025-04-28T23:19:54-07:00,0,14
project2\index.html,132,html,8a888fc1,TyAlbao,2025-04-28,23:19:54,-07:00,2025-04-28T23:19:54-07:00,0,26
project2\index.html,133,html,8a888fc1,TyAlbao,2025-04-28,23:19:54,-07:00,2025-04-28T23:19:54-07:00,0,32
project2\index.html,134,html,8a888fc1,TyAlbao,2025-04-28,23:19:54,-07:00,2025-04-28T23:19:54-07:00,0,6
project2\index.html,135,html,8a888fc1,TyAlbao,2025-04-28,23:19:54,-07:00,2025-04-28T23:19:54-07:00,0,12
project2\index.html,136,html,8a888fc1,TyAlbao,2025-04-28,23:19:54,-07:00,2025-04-28T23:19:54-07:00,0,14
project2\index.html,137,html,8a888fc1,TyAlbao,2025-04-28,23:19:54,-07:00,2025-04-28T23:19:54-07:00,0,1
project2\index.html,138,html,8a888fc1,TyAlbao,2025-04-28,23:19:54,-07:00,2025-04-28T23:19:54-07:00,0,0
project2\index.html,139,html,8a888fc1,TyAlbao,2025-04-28,23:19:54,-07:00,2025-04-28T23:19:54-07:00,0,0
project2\index.html,140,html,8a888fc1,TyAlbao,2025-04-28,23:19:54,-07:00,2025-04-28T23:19:54-07:00,0,0
project2\index.html,141,html,8a888fc1,TyAlbao,2025-04-28,23:19:54,-07:00,2025-04-28T23:19:54-07:00,0,7
project2\index.html,142,html,8a888fc1,TyAlbao,2025-04-28,23:19:54,-07:00,2025-04-28T23:19:54-07:00,0,6
project2\index.html,143,html,8a888fc1,TyAlbao,2025-04-28,23:19:54,-07:00,2025-04-28T23:19:54-07:00,0,0
project2\index.html,144,html,8a888fc1,TyAlbao,2025-04-28,23:19:54,-07:00,2025-04-28T23:19:54-07:00,0,5
project2\index.html,145,html,8a888fc1,TyAlbao,2025-04-28,23:19:54,-07:00,2025-04-28T23:19:54-07:00,0,7
project2\index.html,146,html,8a888fc1,TyAlbao,2025-04-28,23:19:54,-07:00,2025-04-28T23:19:54-07:00,0,3
project2\index.html,147,html,8a888fc1,TyAlbao,2025-04-28,23:19:54,-07:00,2025-04-28T23:19:54-07:00,0,26
project2\index.html,148,html,8a888fc1,TyAlbao,2025-04-28,23:19:54,-07:00,2025-04-28T23:19:54-07:00,0,37
project2\index.html,149,html,8a888fc1,TyAlbao,2025-04-28,23:19:54,-07:00,2025-04-28T23:19:54-07:00,0,4
project2\index.html,150,html,8a888fc1,TyAlbao,2025-04-28,23:19:54,-07:00,2025-04-28T23:19:54-07:00,0,0
project2\index.html,151,html,8a888fc1,TyAlbao,2025-04-28,23:19:54,-07:00,2025-04-28T23:19:54-07:00,0,58
project2\index.html,152,html,8a888fc1,TyAlbao,2025-04-28,23:19:54,-07:00,2025-04-28T23:19:54-07:00,0,8
project2\index.html,153,html,8a888fc1,TyAlbao,2025-04-28,23:19:54,-07:00,2025-04-28T23:19:54-07:00,0,0
project2\index.html,154,html,8a888fc1,TyAlbao,2025-04-28,23:19:54,-07:00,2025-04-28T23:19:54-07:00,0,5
project2\index.html,155,html,8a888fc1,TyAlbao,2025-04-28,23:19:54,-07:00,2025-04-28T23:19:54-07:00,0,83
project2\index.html,156,html,8a888fc1,TyAlbao,2025-04-28,23:19:54,-07:00,2025-04-28T23:19:54-07:00,0,0
project2\index.html,157,html,8a888fc1,TyAlbao,2025-04-28,23:19:54,-07:00,2025-04-28T23:19:54-07:00,0,8
project2\index.html,158,html,8a888fc1,TyAlbao,2025-04-28,23:19:54,-07:00,2025-04-28T23:19:54-07:00,0,27
project2\index.html,159,html,8a888fc1,TyAlbao,2025-04-28,23:19:54,-07:00,2025-04-28T23:19:54-07:00,0,0
project2\index.html,160,html,8a888fc1,TyAlbao,2025-04-28,23:19:54,-07:00,2025-04-28T23:19:54-07:00,0,7
project2\index.html,161,html,8a888fc1,TyAlbao,2025-04-28,23:19:54,-07:00,2025-04-28T23:19:54-07:00,0,27
project2\index.html,162,html,8a888fc1,TyAlbao,2025-04-28,23:19:54,-07:00,2025-04-28T23:19:54-07:00,0,96
project2\index.html,163,html,8a888fc1,TyAlbao,2025-04-28,23:19:54,-07:00,2025-04-28T23:19:54-07:00,0,8
project2\index.html,164,html,8a888fc1,TyAlbao,2025-04-28,23:19:54,-07:00,2025-04-28T23:19:54-07:00,0,0
project2\index.html,165,html,8a888fc1,TyAlbao,2025-04-28,23:19:54,-07:00,2025-04-28T23:19:54-07:00,0,37
project2\index.html,166,html,8a888fc1,TyAlbao,2025-04-28,23:19:54,-07:00,2025-04-28T23:19:54-07:00,0,0
project2\index.html,167,html,8a888fc1,TyAlbao,2025-04-28,23:19:54,-07:00,2025-04-28T23:19:54-07:00,0,3
project2\index.html,168,html,8a888fc1,TyAlbao,2025-04-28,23:19:54,-07:00,2025-04-28T23:19:54-07:00,0,3
project2\index.html,169,html,8a888fc1,TyAlbao,2025-04-28,23:19:54,-07:00,2025-04-28T23:19:54-07:00,0,136
project2\index.html,170,html,8a888fc1,TyAlbao,2025-04-28,23:19:54,-07:00,2025-04-28T23:19:54-07:00,0,122
project2\index.html,171,html,8a888fc1,TyAlbao,2025-04-28,23:19:54,-07:00,2025-04-28T23:19:54-07:00,0,127
project2\index.html,172,html,8a888fc1,TyAlbao,2025-04-28,23:19:54,-07:00,2025-04-28T23:19:54-07:00,0,101
project2\index.html,173,html,8a888fc1,TyAlbao,2025-04-28,23:19:54,-07:00,2025-04-28T23:19:54-07:00,0,3
project2\index.html,174,html,8a888fc1,TyAlbao,2025-04-28,23:19:54,-07:00,2025-04-28T23:19:54-07:00,0,136
project2\index.html,175,html,8a888fc1,TyAlbao,2025-04-28,23:19:54,-07:00,2025-04-28T23:19:54-07:00,0,129
project2\index.html,176,html,8a888fc1,TyAlbao,2025-04-28,23:19:54,-07:00,2025-04-28T23:19:54-07:00,0,48
project2\index.html,177,html,8a888fc1,TyAlbao,2025-04-28,23:19:54,-07:00,2025-04-28T23:19:54-07:00,0,4
project2\index.html,178,html,8a888fc1,TyAlbao,2025-04-28,23:19:54,-07:00,2025-04-28T23:19:54-07:00,0,3
project2\index.html,179,html,8a888fc1,TyAlbao,2025-04-28,23:19:54,-07:00,2025-04-28T23:19:54-07:00,0,140
project2\index.html,180,html,8a888fc1,TyAlbao,2025-04-28,23:19:54,-07:00,2025-04-28T23:19:54-07:00,0,132
project2\index.html,181,html,8a888fc1,TyAlbao,2025-04-28,23:19:54,-07:00,2025-04-28T23:19:54-07:00,0,131
project2\index.html,182,html,8a888fc1,TyAlbao,2025-04-28,23:19:54,-07:00,2025-04-28T23:19:54-07:00,0,137
project2\index.html,183,html,8a888fc1,TyAlbao,2025-04-28,23:19:54,-07:00,2025-04-28T23:19:54-07:00,0,4
project2\index.html,184,html,8a888fc1,TyAlbao,2025-04-28,23:19:54,-07:00,2025-04-28T23:19:54-07:00,0,3
project2\index.html,185,html,8a888fc1,TyAlbao,2025-04-28,23:19:54,-07:00,2025-04-28T23:19:54-07:00,0,146
project2\index.html,186,html,8a888fc1,TyAlbao,2025-04-28,23:19:54,-07:00,2025-04-28T23:19:54-07:00,0,138
project2\index.html,187,html,8a888fc1,TyAlbao,2025-04-28,23:19:54,-07:00,2025-04-28T23:19:54-07:00,0,130
project2\index.html,188,html,8a888fc1,TyAlbao,2025-04-28,23:19:54,-07:00,2025-04-28T23:19:54-07:00,0,39
project2\index.html,189,html,8a888fc1,TyAlbao,2025-04-28,23:19:54,-07:00,2025-04-28T23:19:54-07:00,0,4
project2\index.html,190,html,8a888fc1,TyAlbao,2025-04-28,23:19:54,-07:00,2025-04-28T23:19:54-07:00,0,3
project2\index.html,191,html,8a888fc1,TyAlbao,2025-04-28,23:19:54,-07:00,2025-04-28T23:19:54-07:00,0,139
project2\index.html,192,html,8a888fc1,TyAlbao,2025-04-28,23:19:54,-07:00,2025-04-28T23:19:54-07:00,0,137
project2\index.html,193,html,8a888fc1,TyAlbao,2025-04-28,23:19:54,-07:00,2025-04-28T23:19:54-07:00,0,137
project2\index.html,194,html,8a888fc1,TyAlbao,2025-04-28,23:19:54,-07:00,2025-04-28T23:19:54-07:00,0,136
project2\index.html,195,html,8a888fc1,TyAlbao,2025-04-28,23:19:54,-07:00,2025-04-28T23:19:54-07:00,0,138
project2\index.html,196,html,8a888fc1,TyAlbao,2025-04-28,23:19:54,-07:00,2025-04-28T23:19:54-07:00,0,133
project2\index.html,197,html,8a888fc1,TyAlbao,2025-04-28,23:19:54,-07:00,2025-04-28T23:19:54-07:00,0,4
project2\index.html,198,html,8a888fc1,TyAlbao,2025-04-28,23:19:54,-07:00,2025-04-28T23:19:54-07:00,0,4
project2\index.html,199,html,8a888fc1,TyAlbao,2025-04-28,23:19:54,-07:00,2025-04-28T23:19:54-07:00,0,9
project2\index.html,200,html,8a888fc1,TyAlbao,2025-04-28,23:19:54,-07:00,2025-04-28T23:19:54-07:00,0,0
project2\index.html,201,html,8a888fc1,TyAlbao,2025-04-28,23:19:54,-07:00,2025-04-28T23:19:54-07:00,0,8
project2\index.html,202,html,8a888fc1,TyAlbao,2025-04-28,23:19:54,-07:00,2025-04-28T23:19:54-07:00,0,31
project2\index.html,203,html,8a888fc1,TyAlbao,2025-04-28,23:19:54,-07:00,2025-04-28T23:19:54-07:00,0,0
project2\index.html,204,html,8a888fc1,TyAlbao,2025-04-28,23:19:54,-07:00,2025-04-28T23:19:54-07:00,0,7
project2\index.html,205,html,8a888fc1,TyAlbao,2025-04-28,23:19:54,-07:00,2025-04-28T23:19:54-07:00,0,44
project2\index.html,206,html,8a888fc1,TyAlbao,2025-04-28,23:19:54,-07:00,2025-04-28T23:19:54-07:00,0,111
project2\index.html,207,html,8a888fc1,TyAlbao,2025-04-28,23:19:54,-07:00,2025-04-28T23:19:54-07:00,0,8
project2\index.html,208,html,8a888fc1,TyAlbao,2025-04-28,23:19:54,-07:00,2025-04-28T23:19:54-07:00,0,0
project2\index.html,209,html,8a888fc1,TyAlbao,2025-04-28,23:19:54,-07:00,2025-04-28T23:19:54-07:00,0,37
project2\index.html,210,html,8a888fc1,TyAlbao,2025-04-28,23:19:54,-07:00,2025-04-28T23:19:54-07:00,0,0
project2\index.html,211,html,8a888fc1,TyAlbao,2025-04-28,23:19:54,-07:00,2025-04-28T23:19:54-07:00,0,3
project2\index.html,212,html,8a888fc1,TyAlbao,2025-04-28,23:19:54,-07:00,2025-04-28T23:19:54-07:00,0,3
project2\index.html,213,html,8a888fc1,TyAlbao,2025-04-28,23:19:54,-07:00,2025-04-28T23:19:54-07:00,0,141
project2\index.html,214,html,8a888fc1,TyAlbao,2025-04-28,23:19:54,-07:00,2025-04-28T23:19:54-07:00,0,129
project2\index.html,215,html,8a888fc1,TyAlbao,2025-04-28,23:19:54,-07:00,2025-04-28T23:19:54-07:00,0,118
project2\index.html,216,html,8a888fc1,TyAlbao,2025-04-28,23:19:54,-07:00,2025-04-28T23:19:54-07:00,0,4
project2\index.html,217,html,8a888fc1,TyAlbao,2025-04-28,23:19:54,-07:00,2025-04-28T23:19:54-07:00,0,3
project2\index.html,218,html,8a888fc1,TyAlbao,2025-04-28,23:19:54,-07:00,2025-04-28T23:19:54-07:00,0,141
project2\index.html,219,html,8a888fc1,TyAlbao,2025-04-28,23:19:54,-07:00,2025-04-28T23:19:54-07:00,0,137
project2\index.html,220,html,8a888fc1,TyAlbao,2025-04-28,23:19:54,-07:00,2025-04-28T23:19:54-07:00,0,57
project2\index.html,221,html,8a888fc1,TyAlbao,2025-04-28,23:19:54,-07:00,2025-04-28T23:19:54-07:00,0,4
project2\index.html,222,html,8a888fc1,TyAlbao,2025-04-28,23:19:54,-07:00,2025-04-28T23:19:54-07:00,0,3
project2\index.html,223,html,8a888fc1,TyAlbao,2025-04-28,23:19:54,-07:00,2025-04-28T23:19:54-07:00,0,144
project2\index.html,224,html,8a888fc1,TyAlbao,2025-04-28,23:19:54,-07:00,2025-04-28T23:19:54-07:00,0,137
project2\index.html,225,html,8a888fc1,TyAlbao,2025-04-28,23:19:54,-07:00,2025-04-28T23:19:54-07:00,0,134
project2\index.html,226,html,8a888fc1,TyAlbao,2025-04-28,23:19:54,-07:00,2025-04-28T23:19:54-07:00,0,143
project2\index.html,227,html,8a888fc1,TyAlbao,2025-04-28,23:19:54,-07:00,2025-04-28T23:19:54-07:00,0,138
project2\index.html,228,html,8a888fc1,TyAlbao,2025-04-28,23:19:54,-07:00,2025-04-28T23:19:54-07:00,0,113
project2\index.html,229,html,8a888fc1,TyAlbao,2025-04-28,23:19:54,-07:00,2025-04-28T23:19:54-07:00,0,4
project2\index.html,230,html,8a888fc1,TyAlbao,2025-04-28,23:19:54,-07:00,2025-04-28T23:19:54-07:00,0,4
project2\index.html,231,html,8a888fc1,TyAlbao,2025-04-28,23:19:54,-07:00,2025-04-28T23:19:54-07:00,0,9
project2\index.html,232,html,8a888fc1,TyAlbao,2025-04-28,23:19:54,-07:00,2025-04-28T23:19:54-07:00,0,0
project2\index.html,233,html,8a888fc1,TyAlbao,2025-04-28,23:19:54,-07:00,2025-04-28T23:19:54-07:00,0,8
project2\index.html,234,html,8a888fc1,TyAlbao,2025-04-28,23:19:54,-07:00,2025-04-28T23:19:54-07:00,0,24
project2\index.html,235,html,8a888fc1,TyAlbao,2025-04-28,23:19:54,-07:00,2025-04-28T23:19:54-07:00,0,0
project2\index.html,236,html,8a888fc1,TyAlbao,2025-04-28,23:19:54,-07:00,2025-04-28T23:19:54-07:00,0,2
project2\index.html,237,html,8a888fc1,TyAlbao,2025-04-28,23:19:54,-07:00,2025-04-28T23:19:54-07:00,0,147
project2\index.html,238,html,8a888fc1,TyAlbao,2025-04-28,23:19:54,-07:00,2025-04-28T23:19:54-07:00,0,143
project2\index.html,239,html,8a888fc1,TyAlbao,2025-04-28,23:19:54,-07:00,2025-04-28T23:19:54-07:00,0,148
project2\index.html,240,html,8a888fc1,TyAlbao,2025-04-28,23:19:54,-07:00,2025-04-28T23:19:54-07:00,0,88
project2\index.html,241,html,8a888fc1,TyAlbao,2025-04-28,23:19:54,-07:00,2025-04-28T23:19:54-07:00,0,3
project2\index.html,242,html,8a888fc1,TyAlbao,2025-04-28,23:19:54,-07:00,2025-04-28T23:19:54-07:00,0,146
project2\index.html,243,html,8a888fc1,TyAlbao,2025-04-28,23:19:54,-07:00,2025-04-28T23:19:54-07:00,0,147
project2\index.html,244,html,8a888fc1,TyAlbao,2025-04-28,23:19:54,-07:00,2025-04-28T23:19:54-07:00,0,145
project2\index.html,245,html,8a888fc1,TyAlbao,2025-04-28,23:19:54,-07:00,2025-04-28T23:19:54-07:00,0,144
project2\index.html,246,html,8a888fc1,TyAlbao,2025-04-28,23:19:54,-07:00,2025-04-28T23:19:54-07:00,0,145
project2\index.html,247,html,8a888fc1,TyAlbao,2025-04-28,23:19:54,-07:00,2025-04-28T23:19:54-07:00,0,79
project2\index.html,248,html,8a888fc1,TyAlbao,2025-04-28,23:19:54,-07:00,2025-04-28T23:19:54-07:00,0,3
project2\index.html,249,html,8a888fc1,TyAlbao,2025-04-28,23:19:54,-07:00,2025-04-28T23:19:54-07:00,0,151
project2\index.html,250,html,8a888fc1,TyAlbao,2025-04-28,23:19:54,-07:00,2025-04-28T23:19:54-07:00,0,152
project2\index.html,251,html,8a888fc1,TyAlbao,2025-04-28,23:19:54,-07:00,2025-04-28T23:19:54-07:00,0,155
project2\index.html,252,html,8a888fc1,TyAlbao,2025-04-28,23:19:54,-07:00,2025-04-28T23:19:54-07:00,0,156
project2\index.html,253,html,8a888fc1,TyAlbao,2025-04-28,23:19:54,-07:00,2025-04-28T23:19:54-07:00,0,128
project2\index.html,254,html,8a888fc1,TyAlbao,2025-04-28,23:19:54,-07:00,2025-04-28T23:19:54-07:00,0,3
project2\index.html,255,html,8a888fc1,TyAlbao,2025-04-28,23:19:54,-07:00,2025-04-28T23:19:54-07:00,0,9
project2\index.html,256,html,8a888fc1,TyAlbao,2025-04-28,23:19:54,-07:00,2025-04-28T23:19:54-07:00,0,6
project2\index.html,257,html,8a888fc1,TyAlbao,2025-04-28,23:19:54,-07:00,2025-04-28T23:19:54-07:00,0,6
project2\index.html,258,html,8a888fc1,TyAlbao,2025-04-28,23:19:54,-07:00,2025-04-28T23:19:54-07:00,0,6
contact\index.html,1,html,513d496a,TyAlbao,2025-04-03,00:44:20,-07:00,2025-04-03T00:44:20-07:00,0,14
contact\index.html,2,html,513d496a,TyAlbao,2025-04-03,00:44:20,-07:00,2025-04-03T00:44:20-07:00,0,15
contact\index.html,3,html,513d496a,TyAlbao,2025-04-03,00:44:20,-07:00,2025-04-03T00:44:20-07:00,0,5
contact\index.html,4,html,513d496a,TyAlbao,2025-04-03,00:44:20,-07:00,2025-04-03T00:44:20-07:00,0,21
contact\index.html,5,html,513d496a,TyAlbao,2025-04-03,00:44:20,-07:00,2025-04-03T00:44:20-07:00,0,69
contact\index.html,6,html,513d496a,TyAlbao,2025-04-03,00:44:20,-07:00,2025-04-03T00:44:20-07:00,0,21
contact\index.html,7,html,513d496a,TyAlbao,2025-04-03,00:44:20,-07:00,2025-04-03T00:44:20-07:00,0,46
contact\index.html,8,html,1200538b,TyAlbao,2025-04-18,22:24:26,-07:00,2025-04-18T22:24:26-07:00,0,53
contact\index.html,9,html,513d496a,TyAlbao,2025-04-03,00:44:20,-07:00,2025-04-03T00:44:20-07:00,0,6
contact\index.html,10,html,513d496a,TyAlbao,2025-04-03,00:44:20,-07:00,2025-04-03T00:44:20-07:00,0,5
contact\index.html,11,html,1200538b,TyAlbao,2025-04-18,22:24:26,-07:00,2025-04-18T22:24:26-07:00,0,9
contact\index.html,12,html,513d496a,TyAlbao,2025-04-03,00:44:20,-07:00,2025-04-03T00:44:20-07:00,0,3
contact\index.html,13,html,513d496a,TyAlbao,2025-04-03,00:44:20,-07:00,2025-04-03T00:44:20-07:00,0,42
contact\index.html,14,html,513d496a,TyAlbao,2025-04-03,00:44:20,-07:00,2025-04-03T00:44:20-07:00,0,55
contact\index.html,15,html,1200538b,TyAlbao,2025-04-18,22:24:26,-07:00,2025-04-18T22:24:26-07:00,0,42
contact\index.html,16,html,513d496a,TyAlbao,2025-04-03,00:44:20,-07:00,2025-04-03T00:44:20-07:00,0,83
contact\index.html,17,html,df03d70e,TyAlbao,2025-04-03,18:47:53,-07:00,2025-04-03T18:47:53-07:00,0,51
contact\index.html,18,html,513d496a,TyAlbao,2025-04-03,00:44:20,-07:00,2025-04-03T00:44:20-07:00,0,4
contact\index.html,19,html,1200538b,TyAlbao,2025-04-18,22:24:26,-07:00,2025-04-18T22:24:26-07:00,0,9
contact\index.html,20,html,513d496a,TyAlbao,2025-04-03,00:44:20,-07:00,2025-04-03T00:44:20-07:00,0,3
contact\index.html,21,html,513d496a,TyAlbao,2025-04-03,00:44:20,-07:00,2025-04-03T00:44:20-07:00,0,6
contact\index.html,22,html,513d496a,TyAlbao,2025-04-03,00:44:20,-07:00,2025-04-03T00:44:20-07:00,0,4
contact\index.html,23,html,513d496a,TyAlbao,2025-04-03,00:44:20,-07:00,2025-04-03T00:44:20-07:00,0,78
contact\index.html,24,html,513d496a,TyAlbao,2025-04-03,00:44:20,-07:00,2025-04-03T00:44:20-07:00,0,58
contact\index.html,25,html,513d496a,TyAlbao,2025-04-03,00:44:20,-07:00,2025-04-03T00:44:20-07:00,0,47
contact\index.html,26,html,513d496a,TyAlbao,2025-04-03,00:44:20,-07:00,2025-04-03T00:44:20-07:00,0,55
contact\index.html,27,html,513d496a,TyAlbao,2025-04-03,00:44:20,-07:00,2025-04-03T00:44:20-07:00,0,22
contact\index.html,28,html,513d496a,TyAlbao,2025-04-03,00:44:20,-07:00,2025-04-03T00:44:20-07:00,0,6
contact\index.html,29,html,513d496a,TyAlbao,2025-04-03,00:44:20,-07:00,2025-04-03T00:44:20-07:00,0,6
contact\index.html,30,html,513d496a,TyAlbao,2025-04-03,00:44:20,-07:00,2025-04-03T00:44:20-07:00,0,6
